BID,Vn,Tv,An,Geboortedatum,Postcode,Huisnummer,Telefoon,Email,In dienst,Functie,KAS,VERS,VAK
a556978d-b95b-4bc0-ab59-45631ed60397,Linde,Hermans,van Dam,17/11/2006,4019UX,7,(0207) 762059,alicia37@example.org,14/09/2019,Slager,,,
26f0337b-8de7-468e-9566-5e3d4b1adc34,Jasper,Totwiller,Jdotte,07/02/2008,8835 SW,781,+31(0)00 1180933,ljansen@example.com,22/09/2009,Vakkenvuller,,,
31957a38-0256-45b3-9d16-4c5db280eda3,Jolijn,van der Stael,'s Gravensande,05/08/1994,8318KM,35,0421-795231,annamiltenburg@example.net,27/01/2004,Vers,,,
f062f0b6-0237-44ce-8339-9882965048bd,Daniel,Brandon,Lonen,20/10/1988,9632 ZJ,0,-900352,fienevan-gent@example.com,25/03/2003,Vakkenvuller,,,
f02e8ca3-fad7-4fff-96d4-05e971eea931,Niek,van Gelder,Kloppert,30/12/2007,2578AZ,98,+31(0)22-2107025,morrisvan-cuijck@example.com,02/02/2007,Slager,,,
39597a4f-a20b-4e7a-a7a5-8647dcd49348,Mehmet,van der Klein,Phillipsen,15/06/1998,4697 LH,2,-6772158,mweerdenburg@example.org,13/10/2008,Vakkenvuller,,,
aeccd1ad-d11c-4bed-819c-6b8ddce9c49f,Liza,van Mispelen,van Kempen,07/04/2001,6451 ZT,92,+31589 690229,owen77@example.net,22/01/2008,Vakkenvuller,,,
3a6b05f1-26ef-46f9-922c-34a2527a9a0c,Ruben,Adelaar,Post,09/10/2008,2305 HJ,9,-175240,nora09@example.org,04/06/2006,Vers,,,
c486c834-2524-444e-8bd4-ac4ad6166d83,Wessel,van der Pouw,Scardino,06/02/2007,9041OM,2,(0861)-125834,jayden11@example.net,23/12/2010,Vers,,,
fc0b1789-a181-48f4-8c77-b4f05127857d,Kian,van Grinsven,van Voorhout,15/08/1994,3955UY,389,+3136 3831831,van-stralentijn@example.com,15/06/2009,Vakkenvuller,,,
6a21d9e8-cac7-40d0-b232-db07ed05c1e1,Mason,van Ooste,Voortman,14/09/2001,8441YI,366,(0717)-102230,de-molkick@example.org,14/10/2018,Vakkenvuller,,,
2a707d4f-8eb3-458a-9dcd-3ceb2dced1ef,Jack,van Este,Aschman,03/03/2000,6172 GG,9,0405-034578,izevan-der-heijden@example.net,18/06/2016,Vakkenvuller,,,
78c867c2-dfae-49e8-81dd-c805f5520da2,Julian,Loreal,Kruns,25/02/1999,1903 BO,759,+31412 771839,rayan68@example.com,06/05/2003,Vakkenvuller,,,
8d97248f-b927-40ff-a69c-bf79a8e42b68,Florian,Sarneel,de Boer,29/10/2008,5874QA,258,(0105) 855299,hvan-roijen@example.net,14/11/2003,Vakkenvuller,,,
c40c056f-8ea0-4cd0-9d03-16daf9264659,Joey,Vallenduuk,Volcke,25/05/1994,1495EQ,44,049 8096953,vvan-der-laan@example.net,20/07/2016,Vakkenvuller,,,
6b62551b-7364-4026-9255-c59288d2791c,Elizabeth,Prinsen,Corstiaens,09/12/2005,3280TC,9,(084) 7601635,kremerkiki@example.com,23/05/2008,Vers,,,
b82f5703-ecdc-406b-93b6-1cf751aa2847,Lucy,Heere,Schulten,06/11/2006,9262PJ,183,+31(0)90-3151379,siemkruns@example.com,25/11/2003,Vers,,,
df4f7eb4-2a17-43d9-9db5-89630d1c2e78,Rens,Feenstra,van Geest,25/01/1994,9890OH,683,027-1971737,tielemanskay@example.org,23/08/2017,Teamleider,,,
6e21f41b-26e5-4ad4-a7e4-8e90f96a6141,Lisa,Van Bragt,de Vrome,06/12/1984,1687 MW,642,-7867777,sep75@example.net,21/10/2008,Vakkenvuller,,,
1f024541-88ae-4f1b-ab7e-bace48795422,Pieter,Rouwenhorst,van den Hoek,19/12/2003,8610 XO,5,(0860) 841420,timmermansmaxim@example.net,27/07/2021,Slager,,,
1e1c3349-9342-4fd7-9fcc-02a56120965c,Tijn,Borman,van Berkel,25/09/2001,6623 RE,6,(0380) 074390,rgodfrey-van-alemannie@example.com,08/10/2012,Vers,,,
35a05833-a143-4296-8a79-d4b314d49d82,Tycho,van der Heyden,Potters,04/09/1985,6087WI,9,0343-193752,xdekker@example.org,03/01/2008,Vakkenvuller,,,
fac56893-5d87-455d-9a4e-57832c701745,Noëlle,de Vos,Teunissen,03/06/1984,4682PH,811,+31(0)325-103210,saar34@example.org,19/11/2015,Slager,,,
38ee81bf-9a9f-40a3-ac4a-e6818da6cc48,Elena,Nek,van der Horst,17/05/2000,2794 TE,92,(0854)-036018,jayda45@example.com,23/06/2015,Vakkenvuller,,,
84e09250-6f9c-47f9-9334-4de1f1a058fa,Janne,Stuivenberg,Schulten,05/07/1995,7074 YR,1,0924 944565,luca05@example.org,02/09/2010,Vakkenvuller,,,
a59c82e8-c26a-48ca-a728-25dc414e5981,Rosalie,Gerritsen,Carnotte,21/04/1983,8125 XF,25,(009) 3234616,meganhendriks@example.org,27/05/2003,Vers,,,
399cc31d-7367-451d-a4dc-69f94e94431f,Jamie,van der Heijden,van Luinenburg,01/12/1985,4417EL,522,-5457149,juliettede-jonge@example.com,27/11/2003,Vakkenvuller,,,
b026f3d0-4068-4d4c-82e3-3425938570eb,Alexander,Driessen,Mallien,29/03/1984,7815QU,81,(013)-3130443,buijsjade@example.net,19/02/2007,Vakkenvuller,,,
2696bab5-ad7b-4a29-96f3-b01a587c8b64,Joëlle,Verhaar,Bleijenberg,08/09/1989,3952 RN,28,(089)-4515254,aron03@example.com,25/08/2011,Vakkenvuller,,,
30b4904c-7d36-44e1-abf5-e258173c71fa,Jack,van der Linden,Simonis,19/08/2001,4700GX,5,017 8016894,mark46@example.com,23/01/2016,Vakkenvuller,,,
3b825a87-a1ff-4f53-be05-3f158f429714,Dewi,Freshour,Keijser,08/02/1990,5826 UQ,3,+31(0)16-1636116,wvan-ommeren@example.net,18/06/2013,Vakkenvuller,,,
fb3b5248-1b67-4f4f-a8a9-dbaba13cd6b5,Hugo,van Rooij,Tuithof,23/08/1984,5135 SJ,23,+3102 2812128,holthuismerle@example.org,09/05/2014,Vakkenvuller,,,
3cae29e1-e7ed-4d6d-9b9b-1d356c5a974b,Thijs,Verda,Feltzer,16/10/1995,2804WD,15,(0462)-977088,noravan-geest@example.net,25/10/2013,Vakkenvuller,,,
543e18c1-26a8-46e3-878c-2feaeac41675,Jort,Verhoeven,de Bock,04/03/1991,2442ZO,4,(0963)-689190,rosavan-der-loo@example.net,01/12/2021,Vakkenvuller,,,
0cd666f3-06d9-4594-8573-1f2b1f386598,Valerie,Willemsen,Brouwer,16/11/1985,4883XH,18,+31(0)65-3649301,vvan-grinsven@example.com,07/08/2012,Vakkenvuller,,,
81db80a3-f13e-4cf1-901b-220f2a8a7d32,Valentijn,Kolster,Verbeek,06/07/2007,4895 JH,3,-2819888,bbrumleve@example.org,20/11/2021,Vakkenvuller,,,
03abb13c-319a-4694-b9f2-dd70518c6c4d,Lotte,Wever,Lorreijn,20/07/1993,5941 YC,6,+3177 8807947,van-wijlandvajen@example.org,30/01/2003,Teamleider,,,
4273d227-2d86-49b2-a6cc-ee0c21e3ea51,Sem,Scholten,Bouthoorn,14/10/2001,4525XN,147,(0002) 726262,maartje78@example.net,09/04/2004,Vers,,,
3fc9e7f1-b2f6-49ee-bc82-c375797d219a,Koen,van Nimwegen,Slaetsdochter,20/07/1995,8831 FO,8,+31(0)67 5625093,cmol@example.com,09/02/2004,Vakkenvuller,,,
21d855b4-6318-499e-895b-2dd8efca0156,Nova,Hakker,Mulder,25/06/2008,7664 UM,1,0068-429515,aimeetirie@example.org,22/07/2010,Vakkenvuller,,,
12893a26-03fc-4baf-ac6d-54af1586945a,Timo,Vos,Maas,12/05/2001,3276AP,405,(0758)-633075,apratt@example.org,20/04/2003,Vers,,,
66cafae4-a571-4152-b058-fae183daaae7,Tijmen,van Geffen,Timmerman,17/07/1992,6475VB,9,+31(0)32 1563035,charlotte45@example.org,08/12/2019,Vers,,,
a9290a8f-b822-4ec5-bd50-484dfdd651c3,Roan,Holthuis,Friehus,04/03/2005,5599SL,50,+31(0)804 416777,haringvince@example.com,15/03/2015,Vers,,,
0e4b0bcb-c020-4aa1-a935-2b55fd9bfafb,Mette,Jdotte,Versluijs,26/10/1988,8269DU,97,068-2137781,pmelet@example.net,01/07/2010,Vers,,,
267c5b88-1fd7-4193-bfa8-95ecd1e053d2,Kate,Meis,de Reede,10/01/1998,4079JV,85,+31(0)940-999039,ibrahimrotteveel@example.com,31/01/2017,Vakkenvuller,,,
486e0479-b846-4f38-b818-a72c00b0410c,Micha,Françoise,Mulders,07/03/2002,2631FQ,156,086-6364692,lisa76@example.org,02/10/2004,Vakkenvuller,,,
dcee4ea6-8b17-4fb1-8175-93db0a70636c,Senna,Mol,van Dooren,24/05/2001,8138 EA,240,+31(0)316-493579,alexandercoreth-von-und-zu-coredo-und-starkenberg@example.org,01/07/2018,Vers,,,
beb3673a-2539-496c-97ca-5b5944bd66e4,Sander,Passchiers,Geertsen,30/10/1999,1653 IM,125,(0326) 994755,rscholten@example.org,08/11/2010,Teamleider,,,
03dbd45a-700f-4c34-ae4c-dd53fc88badc,Rafael,Oversteeg,van Kuijc van Malsen,03/02/2002,6394UP,143,(0604)-019249,fortuynyusuf@example.com,12/10/2016,Vakkenvuller,,,
eba20017-cb79-4a35-96ac-b4cca1302395,Kyan,van den Eijssel,Gnodde,19/10/1990,4530AL,0,(055) 3766931,evan-de-wal@example.com,05/08/2007,Vers,,,
bbba11f3-0520-4acd-bead-98ecccf24b65,Jason,Bresse,Heinrichs,22/10/2002,9931 TU,55,-921377,edoyle@example.com,11/07/2018,Slager,,,
c5da40ec-41a9-4324-9797-073b63d92248,Lily,Lorreijn,le Gallen,29/04/1992,3195 GW,0,013 1417787,dani84@example.net,14/06/2015,Vakkenvuller,,,
9a8baea3-64bd-4cc5-8b13-1dcef5394a02,Yasmin,Claesner,Emmen,16/09/1992,6747 JU,15,(0090) 707909,jonathanschagen@example.com,06/05/2013,Teamleider,,,
ee7528a0-eb64-4c7b-85d1-65e5313441b7,Aiden,Noordijk,Kuipers,15/12/2003,9971BT,531,(0961)-810942,tycho52@example.net,27/07/2011,Teamleider,,,
87973df7-ffeb-4274-bd22-48e2cc8a49c3,Milou,van Egisheim,Groote,15/03/1992,2134FD,89,068-1103092,bgoyaerts-van-waderle@example.com,26/01/2012,Vers,,,
16087750-0fb8-4bf2-8a03-33d429bb2fc6,Hailey,van de Weterink,Jacobs,30/01/2002,6700WG,79,029 5662949,ovan-der-linden@example.net,28/05/2021,Vakkenvuller,,,
19b9aff4-431a-4b93-9a53-9ae5f1d2340e,Féline,Coret,Kleybrink,26/06/1996,1830 CG,646,+31(0)390-352418,ucosman@example.com,13/11/2010,Vakkenvuller,,,
59336453-8f36-433b-a036-48e117bb9255,Rens,Schagen,Gemen,13/09/1987,7356VQ,7,+31(0)09-9131648,joellevan-dijk@example.org,23/10/2020,Teamleider,,,
b2ea5083-0c64-45e9-8e0a-1495c241cbd6,Merle,Waltrade Walderade,Rouwhorst,26/10/2002,8345ZN,4,085-8654029,van-straatenevy@example.com,07/06/2008,Slager,,,
0fbc8d42-0a4a-40aa-92af-429eb53a4195,Boaz,van Laon,Chrodtrud,16/05/2006,6663 QC,422,(0516)-262864,willem35@example.net,12/04/2010,Slager,,,
fd50b772-745e-4010-bd53-c38854b50f07,Kyara,Groen,Goedhart,30/09/1987,3579EP,6,(0595)-594468,jessevan-beieren@example.com,06/08/2012,Vakkenvuller,,,
7bf40ea1-0f65-4ebb-b888-530594db7b0d,Daniël,van der Avoirt,van Kuijc van Malsen,20/10/2005,2855 FR,4,(077)-1071153,uvan-de-berg@example.net,17/01/2009,Slager,,,
c6fe807b-cc16-455b-a0d2-dd6cdf7e5b35,Jip,Verschuere,van Velzen,27/02/1994,2545 JY,16,001 5167406,claesdrfabian@example.com,22/01/2019,Vakkenvuller,,,
3df16d87-56db-4e70-9961-4230cec6bda8,Isabel,van den Heuvel,Lorreijn,21/03/1983,8518TT,11,006-3918964,jvan-gemert@example.org,16/02/2006,Vakkenvuller,,,
d65137ae-908f-451f-a505-57426b1a3c9d,Senna,Korstman,Kortman,28/01/2007,1644 QK,1,+31(0)233 725931,seth68@example.org,31/03/2010,Vakkenvuller,,,
4338402c-721d-43c0-b502-2bbbd7496d9c,Maurits,Aschman,de Vries,11/09/2004,6909FC,5,+31(0)45-6786649,blewanusamelie@example.net,04/02/2015,Vakkenvuller,,,
c4b41e37-ca27-4319-9e65-4868347ab0e3,Joost,de Korte,Vierdag,04/09/1999,1137 GW,85,+31795 260938,eweylant@example.com,30/03/2010,Vakkenvuller,,,
0c4281db-b44c-4dcf-a742-dc1cd00e6e57,Aiden,Lommert,Feenstra,27/03/2006,8657DY,39,0740 729527,gde-graaf@example.com,23/05/2010,Vakkenvuller,,,
bcedf52a-365e-49a3-84f5-203da33d14ec,Lorenzo,Klomp Jan,van den Bosch,24/03/1983,2253RD,7,0867 662093,fbrandt@example.com,06/01/2011,Vakkenvuller,,,
74ed767b-e1cf-4024-b7b2-b7c458299ce9,Vajèn,Kuipers,Kerkhof,27/07/1985,1157 IE,2,0050 354945,odafinn@example.com,11/05/2007,Slager,,,
d8be4e76-711c-4519-9de9-aae1a096f3e7,Mila,van der Linden,van Evelingen,29/12/2005,1094KZ,190,+31364 762873,olaf58@example.net,27/11/2008,Vers,,,
ca0b2041-6513-4e68-bd38-3424606c8658,Maria,van der Schuijt,The Elder,24/01/1987,6787YW,765,+31(0)04-1429406,groenendaalvalerie@example.net,30/09/2019,Vers,,,
7e925474-ed96-4459-ab0e-19eaefff5a49,Hendrik,Heijmans,Geerts,06/02/1994,5805DB,13,(015) 2927430,hvan-bunschoten@example.org,05/10/2019,Vakkenvuller,,,
76b4f3c5-f9c7-42b4-8364-b9ca08a56400,Joep,van Bergen,van den Velde,21/02/2005,9367 CR,194,-7308951,ernstties@example.com,20/10/2014,Vakkenvuller,,,
532cc1ff-2940-4a2c-94a5-d73ab967049d,Frederique,Nollee,Michiels,28/10/1998,9801 KT,84,045 7851334,verbeekamir@example.net,14/10/2022,Vers,,,
63fd48c1-8a9e-45e8-b212-9999f924add0,Yinthe,Bud,Blees,16/07/2008,5542 RR,37,(0353) 185659,cgroen@example.com,22/03/2005,Vers,,,
ee297c60-8073-43a8-8690-e56d99ee39eb,Jorn,Bos,Appelman,20/11/2007,9584 IL,638,(0245) 546903,haileymeeusen@example.org,06/08/2011,Vakkenvuller,,,
d22fa914-2550-460e-af5a-ae227d09543c,Lynn,Jorrisen,Bresse,28/10/2000,4660VU,4,0472-312718,van-den-heuvellorenzo@example.com,01/06/2017,Vakkenvuller,,,
aed6746f-b317-4afe-b612-5261ba4c50bd,Youssef,Le Grand,Neuteboom,23/10/2003,7631 OH,447,-751050,koen38@example.net,02/09/2022,Vers,,,
c0213a28-f129-427f-a6a3-796e6f0e8c7d,Siem,Bakker,Glasses,10/01/2003,1204 NI,834,0782 013392,meyerrobin@example.net,11/04/2015,Teamleider,,,
ce0a60c6-0785-4ad6-82d8-091f2d0ec003,Nadia,van Parijs,de Haas,07/11/1984,9666KX,9,(0613)-228583,fvan-heusden@example.org,22/09/2012,Vakkenvuller,,,
732e1ff3-36c9-41be-8df9-a89c8846ecd5,Lucy,van Bovene,Verda,17/08/1998,3026KG,5,002-5631938,stanvan-engelen@example.com,09/06/2019,Vakkenvuller,,,
bc0f1717-5904-402a-8d24-992141dcc578,Eva,van Ghoerle,van der Zijl,22/03/1998,6538OD,9,+31(0)247-362312,verheuvelstefan@example.com,14/11/2020,Vers,,,
9190f4b2-c9ff-4efd-9628-36bc0d7efb77,Jasper,Thatcher,Kolster,09/10/2008,1385 NB,5,+31413 781006,tristan42@example.org,15/03/2018,Vakkenvuller,,,
55954bee-32f5-4d90-8247-9e6725dbb626,Max,Hoelen,Schulten,24/05/2007,8652EH,18,-483063,elizabeth71@example.com,01/10/2017,Vers,,,
edb818e3-0391-44ba-8e49-34d0c9f205d9,Maartje,den Teuling,le Gulcher,14/09/2004,9381KV,4,+31(0)134 157529,de-vriesnora@example.net,24/10/2010,Vers,,,
d58da590-0239-4c2d-8a8a-2f4f94986f73,Floortje,Knoers,Langevoort,11/12/1983,7205ZD,20,+31(0)364 260012,yvan-holland@example.net,11/11/2004,Teamleider,,,
a9600e8e-910d-46f9-a50c-c9bfc18a04e5,Marinus,Phillipsen,Stange,08/02/2005,7055JE,36,0428-635399,zperck@example.com,21/11/2011,Slager,,,
9b77eb5d-a042-42ea-b867-ce80fdb76c79,Evie,Elbertse,Verbeeck,04/03/2004,5325 XR,5,+31(0)082-946231,qcoolen@example.net,09/05/2021,Vers,,,
071fc0ae-3c8b-4139-8ab1-2b308856c65e,Koen,Reimes,Boetet,17/12/1991,5120 FC,3,070 8390060,wjansen@example.com,02/04/2014,Vakkenvuller,,,
ab174c2e-83de-4c92-8a4f-127fcfe1ab09,Anouk,van Praagh,van Lucel,27/10/1991,6270 CG,453,069 2493193,korstmanelin@example.com,14/07/2019,Vakkenvuller,,,
8f28f3cf-926c-4999-a6af-97787f7aaf77,Liz,Kas,Koning,24/05/2003,3956SS,247,+31(0)22 5653654,dex76@example.net,29/03/2011,Vers,,,
ac2d4e99-9ecb-4c08-a8ee-07e2363d0a85,Levi,de Leeuw,Moensendijk,01/08/2001,7606 SI,80,+31(0)665-102648,tijmen42@example.org,17/07/2018,Vers,,,
f950db02-fe7d-4cbf-8913-b07eb6ae8513,Madelief,de Wit,Glasses,14/09/1986,6873YG,94,+31(0)088 448441,jillscharroo@example.com,06/01/2022,Vers,,,
b0faff3b-6130-47bd-af36-53c5ae59ebe4,Dana,van Engelen,David,29/08/1996,8737 RC,65,(065) 2057224,dennenbergrik@example.org,02/02/2022,Vers,,,
4f16374e-e8cf-4483-8b38-9bfe131e551c,Hailey,Frankhuizen,Holthuis,17/12/1997,6253 DC,0,+31063 162006,silvan-der-avoirt@example.net,11/05/2014,Vakkenvuller,,,
70e9fa34-e2da-44ac-9b81-1af4b2af2340,Niek,Lansink,Jansen,22/07/1992,7950 DP,0,+31(0)636 969525,egerritse@example.com,17/01/2006,Vers,,,
bb8f694a-4fcd-4945-a742-1bc270b10139,Loek,Ouwel,Borman,09/05/1985,9393 LN,71,(0833) 048692,uperrono@example.org,07/05/2016,Vers,,,
2f1e0518-41d0-4ff3-a9b2-fad7abd7473f,Boaz,de Bruijn,Hulst,12/10/1983,2301 AW,70,(0529) 425842,wbeijring@example.com,09/07/2006,Vakkenvuller,,,
fdb24c27-cf23-4f67-bf4f-18c9d3ce0cd4,Sarah,le Matelot,Volcke,01/12/2003,1041 XJ,5,0146 566871,jbrandon@example.org,23/06/2005,Vakkenvuller,,,
5bdb260c-1834-4503-9a3d-005d3d73593e,Mike,Fortuyn,Doesburg,30/12/1993,7309 RI,6,058-1461424,van-t-rietdana@example.net,14/09/2009,Vers,,,
185a0fa3-812c-474e-9485-7446ee8e9221,Ryan,Slagmolen,Galijn,31/03/2001,9717 PM,8,0551 485148,samayden@example.com,05/12/2018,Vers,,,
44c71b5a-4c05-434e-a841-e824415be856,Feline,Heerkens,Waardeloo,30/03/1992,1774QC,558,+31(0)53-1007114,ameliede-vries@example.com,29/10/2014,Teamleider,,,
5e0127fd-a47e-486b-950a-c9946b91a09c,Jort,Martens,Luster,02/12/2002,6620 OS,2,(062) 3721064,linn16@example.net,14/03/2022,Teamleider,,,
e8bba04f-ae71-44e6-85a5-654c70a80b5b,Bilal,Beekman,Pieters,10/09/1986,6947 YT,4,+31(0)531-021128,samhuijbrechts@example.org,07/07/2006,Vakkenvuller,,,
4cac65e1-dbe4-4e32-b7ea-ebe2ed8263cd,Sem,van Stralen,Rousselet,27/06/1992,8920RB,416,+31483 658156,vvan-tours@example.net,26/06/2003,Vers,,,
e6c49127-7f71-4c9c-a04b-3f520acec3c4,Liz,Brands,van der Zijl,27/08/1999,4479 YX,26,(019)-1360262,corstiaenssami@example.org,05/12/2004,Vakkenvuller,,,
f76438d8-4f30-407a-8416-79634db2e382,Kai,Schokman,Luitgardis van Neustrië,29/04/1998,2592QY,807,085-1981482,van-goerlestefan@example.net,15/03/2008,Vakkenvuller,,,
f5b3551c-0d14-4927-8f38-5df715190119,Elizabeth,Hanegraaff,van der Veiver,21/04/2003,6771BN,55,+31(0)427-441757,hidde98@example.org,05/07/2005,Slager,,,
befdb176-0a64-42f5-8da1-2275904a4c96,Noa,Vaessen,Shupe,03/05/1991,6257 WM,9,0931-822335,serrajelte@example.com,05/11/2017,Vers,,,
a71f0445-ec95-4d62-9306-cee436d15c4e,Puk,Peronne,van den Oever,08/01/1983,9073 AL,452,-118438,lucyvan-maasgouw@example.com,30/07/2019,Vakkenvuller,,,
bd080d61-605f-4fd8-a9b5-98bc199b62ed,Feline,Hoogers,Duivenvoorden,01/02/2008,1474RK,66,+31274 687563,miltenburgyoussef@example.net,14/10/2004,Vakkenvuller,,,
b97adad4-d1ba-4b77-baf5-f013827a8864,Youssef,Briere,Strijker,08/01/1996,9607 QS,4,+3178 5366653,oscarunruoch-hunerik@example.net,24/11/2020,Slager,,,
fa2f67df-f5dc-430f-813b-77f33fcaf867,Ninthe,le Gulcher,Prins,06/02/1988,1643 MU,8,(036) 2533353,broeklotte@example.org,20/04/2017,Slager,,,
40c03d2d-a0e8-4097-8dfd-ea8250b79a2e,Feline,Ramaker,Kriens,11/05/1986,3624MO,495,+31(0)19 2357324,van-ommerenstijn@example.org,20/11/2014,Vakkenvuller,,,
8818a9a8-ec18-45be-912d-02660e5ab904,Britt,Thatcher,Lathrope,03/03/2006,9041IA,12,-780560,van-breukeleveenindy@example.com,10/02/2022,Vakkenvuller,,,
0c83ca4e-971d-4f44-ab10-07414a48dcf1,Sepp,van der Heijden,van den Nuwenhuijzen,22/06/1992,1178 BM,7,-431084,rowan07@example.net,03/02/2016,Teamleider,,,
7f0970f3-37eb-487c-ac19-c80052a13fa0,Olivia,de Gratie,de Pauw,03/08/2001,1054QQ,6,+31(0)615 982451,ivankorsman@example.com,12/11/2006,Slager,,,
a054d4d3-09a8-4af2-ab20-4ceb15c051b8,Bryan,Ulrich,Boogaerts,20/07/1988,7755 YE,1,0805-053772,van-der-meeramira@example.com,23/03/2012,Vakkenvuller,,,
de00e2e1-ae8f-4efa-bd04-dbff750ebc4e,Senna,Dubois,Luitgardis van Neustrië,20/12/2006,8977 AW,974,(0184) 789068,linde88@example.org,28/10/2008,Vakkenvuller,,,
0bcd0661-6b44-4064-8148-78719a46778a,Maartje,Friehus,Merkx,01/12/1986,9573BB,13,-420231,marinusolykan@example.net,23/10/2017,Vakkenvuller,,,
21e8d236-4941-4303-bfe0-aae12dcb34a2,Yasmin,van der Noot,Bellemans,10/11/1999,4644 DH,12,0140 910104,vvan-den-bosch@example.org,06/10/2012,Vers,,,
dc300eac-15bb-41fa-9cb3-b008e2bf3eea,Maarten,Martel,le Matelot,17/05/1992,4543AX,2,+31(0)109 580574,van-munsteraimee@example.net,27/02/2006,Vers,,,
02fb9c98-cfc7-4fb5-a898-f4275644f71b,Kick,Huisman,van den Brand,30/11/2007,8003ZM,134,0523 650818,daphnerijn@example.net,23/08/2013,Vers,,,
334d1769-b9d0-42ad-81f0-249abaa247d6,Yfke,Nieuwstraten,van Wijk,07/10/1992,8049 FV,245,(0124)-700258,mauritsbroeckx@example.com,18/04/2019,Slager,,,
8be51138-5e07-42ed-8791-a5cb3d5b4ca9,Joris,Zwijsen,van de Biesenbos,30/09/1996,1565LU,11,069-5166304,yarathatcher@example.net,30/05/2013,Vakkenvuller,,,
2a1ebee8-e237-4281-b1fb-315157e2ff96,Hendrik,van Geffen,Schokman,04/01/1986,8890RB,25,-725626,meeusenhugo@example.org,09/07/2013,Vakkenvuller,,,
4c48dac3-b154-4df9-af35-2c2aa7ad4dce,Vigo,Rouwhorst,van Gent,14/06/2003,9767 MU,844,0558 582125,jens26@example.net,25/06/2010,Slager,,,
ff6e6ebc-9fd1-4566-822d-e9cfd9fd8ac0,Damian,van der Heijden,Smith,07/09/1999,3656 DH,6,(0192) 445922,nedermeijersven@example.org,26/06/2003,Vers,,,
09045c9f-0f59-4e56-9b2d-8eaf955f0185,Jinthe,van den Nyeuwenhuysen,van de Brink,22/04/2008,1996YZ,1,089-3556270,wouter65@example.net,12/06/2022,Vakkenvuller,,,
7111c507-972f-4a93-a425-30945ce83399,James,Prins,van Voorst,10/04/1993,5069 GA,320,-2637607,dennenbergjan@example.net,01/07/2007,Vers,,,
e8db37c9-9e69-4cea-8b34-bf4d1123e013,Cato,Bosch,de Pauw,12/12/1992,9060 LF,1,(0636) 794874,zijlmansadam@example.com,11/01/2017,Slager,,,
dea75f71-225e-4461-88a6-5d72941a21ac,Juul,Lensen,den Haag,19/10/1990,4699 PR,6,+31177 205831,pietervan-oosten@example.net,02/07/2006,Vakkenvuller,,,
948f1581-c729-4f5c-93d9-7b560c02809a,Rens,van Beaumont,Simonis,07/10/1984,9633 AT,9,+31(0)212 199200,uit-de-willigenfem@example.com,14/11/2010,Vakkenvuller,,,
0f104131-8504-4897-97a0-00cf249c5522,Jayson,van Salmen,Schouten,04/11/1999,9036 ES,1,-465392,ylensen@example.net,24/06/2016,Vakkenvuller,,,
d657e89b-7de6-4a38-99ed-c026a04d81cb,Mara,de Gruson,Ramaker,01/02/1986,5668YT,56,+31(0)230 779416,hailey60@example.net,29/06/2015,Vakkenvuller,,,
fd6d775d-caf6-4e05-b54c-04919137d813,Emma,Bouthoorn,van den Broek,19/08/1995,1173 CU,126,0036 442542,inaya04@example.com,03/07/2007,Slager,,,
d9c34813-5afe-44f3-8f02-14e4616c4f6a,Tygo,Duivenvoorden,de Roos,26/10/1990,1871 XX,6,+31(0)315-140068,kgoderts@example.net,25/02/2008,Vers,,,
96795dd3-2fcb-4673-8f48-f65661dabaa6,Collin,van den Eerenbeemt,van Boulogne,13/04/1997,1506 LN,91,+31(0)27 9085437,djans@example.com,09/12/2016,Slager,,,
865908af-02f1-40ba-87c3-829c5ceee073,Morris,Wensen,Rehorst,12/11/1995,3563 QZ,7,+31(0)979 152348,jordy32@example.com,15/09/2004,Vakkenvuller,,,
b7f37077-9d4a-4e87-a0c5-a0e75a3885ab,Vince,Kloppert,Willems,15/01/2007,5030BH,6,+31(0)615-360816,noellepeters@example.net,16/03/2014,Teamleider,,,
476049ea-c8d8-4e8b-9057-2bfd3c9c4037,Mare,van Duivenvoorde,Rousselet,25/09/1997,6342 RI,62,+31311 174569,stenvan-leuven@example.org,05/02/2010,Vakkenvuller,,,
803fb1a2-7ba5-4c95-9bf5-943808a467fd,Thom,Erhout,Engels,22/01/2004,3841BK,31,(046)-9248143,xlage@example.net,14/06/2005,Vakkenvuller,,,
ce3b3802-ec44-4b2b-9f30-b34db250ab4c,Livia,Vink,Kronenberg,25/01/2000,8346BJ,73,+31(0)083-149626,uphuissara@example.net,31/01/2022,Slager,,,
54d58fc2-ae49-409e-a82d-e78ff22581df,Aron,van Wickerode,Frerichs,13/02/1992,5629WX,9,0322 781234,khuijzing@example.com,22/08/2006,Vakkenvuller,,,
194884af-e1c4-4d3f-bdbf-3de5b5c94837,Lena,Hazenveld,de Vries,24/04/1995,9218DK,20,(0630)-696280,aimeevan-de-greef@example.com,28/03/2013,Vers,,,
9b9b1b48-3b3e-4535-ba3d-bbf718aa9273,Bradley,Le Marec,Lage,16/02/1992,9398 XN,70,+31(0)80-9703558,wesley27@example.com,13/10/2020,Vakkenvuller,,,
6aab3418-1272-44b9-972a-482064f4c5fa,Juliette,Huijzing,Pastoors,18/03/1995,9172 FZ,6,+31(0)82-7990897,qkremer@example.net,09/03/2019,Vakkenvuller,,,
2537bfb3-552a-46ee-a34a-7459a62ecb2d,Adam,Spruit,van Nederlotharingen,24/06/2007,5304 AU,49,(088) 7039967,ode-wit@example.com,18/05/2015,Vakkenvuller,,,
5912a714-15d3-482c-a763-17c99db92459,Chris,de Vos,Breugelensis,29/10/1993,9791IC,84,+31(0)872 841285,martenspien@example.net,17/02/2018,Slager,,,
5e152b9d-a604-452f-8d93-2c9d0b0ce2da,Jinthe,Friehus,Wever,07/09/1985,7530 QO,0,-610456,frerichsmelle@example.com,06/09/2005,Vakkenvuller,,,
55807816-f3e2-42ce-8fff-4d1a5c251f02,Anna,van Spreeuwel,Schroeff,17/09/1995,1583 RB,582,012 9389579,brouwerlizz@example.org,13/08/2005,Vakkenvuller,,,
b56b6849-66cf-4a5a-959b-44ed8dc28dfb,Morris,de Jong,van Gils,10/09/1987,6456 CS,61,081-5168658,rosaboogaerts@example.com,18/07/2004,Vers,,,
69b58bc3-64e0-4dfd-a2d2-e9a41fa12d9c,Eliza,Hermans,Broeshart,11/11/2005,5785 RZ,143,065 3371137,yvan-der-linden@example.com,02/11/2007,Vakkenvuller,,,
ec9a276c-2bf1-4699-b60d-1338cdb0af71,Lorenzo,van Ghoerle,Rijntjes,16/02/1997,1559OU,60,0545 692675,sbecht@example.net,18/03/2012,Vers,,,
4d941527-d4dc-4e59-9bfc-4d900b7def34,Nadia,van Wassenaar,de Boer,05/04/1994,6755 BL,779,(036) 3546153,pukvan-den-eijssel@example.net,08/09/2013,Vakkenvuller,,,
5dbe3959-062d-415b-846f-aa0cf0f6231f,Yara,Wagenvoort,van Rijthoven,25/04/1995,7750CX,8,-855141,de-gruijtermaja@example.org,24/06/2013,Slager,,,
87e7c736-7413-4f41-8962-5a6d533fdb27,Ibrahim,Dirksen,Lambregt,29/10/2007,3452WW,343,(0221) 316360,hexspoorluka@example.com,15/08/2004,Vakkenvuller,,,
fc4a3ea9-43f9-483c-bd83-fd161929da98,Sami,Lagerweij,Olykan,20/05/2005,4213RA,1,(0472) 199781,hde-marduras@example.net,22/03/2005,Vakkenvuller,,,
bfdaa778-d0d9-4189-86d0-6c50735d5d72,Maurits,Lorreijn,Bartels,25/03/1995,9694HW,5,0125 611378,van-de-biezenboslara@example.net,20/01/2016,Vakkenvuller,,,
e744aad4-4f13-4d47-8b54-e72f19c1602b,Siem,Adelaar,Verhagen,12/03/2001,7131OL,4,0445-685287,vajende-gruil@example.org,15/12/2005,Vers,,,
ef95bc18-1fd4-4698-8433-f108c50c27c7,Mirthe,Hak,Eelman,04/05/2004,5794 YN,3,+31577 280385,youssef75@example.org,03/07/2011,Teamleider,,,
477ca952-2743-4231-a023-c8a276639819,Olaf,Janse,Palman,12/12/2002,5429FV,0,(057) 9606448,muijsnisa@example.net,18/04/2021,Vakkenvuller,,,
4138cef4-7ba0-4c0d-ae63-ea69ba306bc6,Nynke,Lether,Eerden,29/11/2007,7517TU,51,-5108805,rle-guellec@example.com,16/01/2022,Vakkenvuller,,,
85e5d1e4-ea8b-451a-9f14-bd9d82f2a67a,Luca,Jacobs,Waltrade Walderade,20/11/1983,8870VL,91,(0827)-632851,verboombas@example.net,20/03/2017,Vers,,,
5a540f5d-a3bc-4b8c-b622-85a4ded86660,Yassin,Lips,Hoedemakers,25/12/1994,8668 JY,58,033-1104814,saar56@example.com,04/08/2022,Vers,,,
fa0a6b40-c7d3-47a1-8cf6-8a1d749477c0,Charlotte,van Leuven,van Kuijc,23/08/1985,4384DC,23,+3165 4565232,amelievan-der-noot@example.net,13/10/2018,Vakkenvuller,,,
3be038a4-c041-4de1-80d5-f3f5b5be9c84,Aya,van Berkel,den Teuling,06/02/1986,2867 TW,6,(081) 4727001,avan-den-bosch@example.com,10/04/2004,Vakkenvuller,,,
b5009c0e-5aa0-4348-8e49-fd3e0fc6a2ba,Tara,Dekker,Schwartsbach,10/08/1991,6747 RT,203,0359-950440,oscarkortman@example.org,08/08/2022,Vakkenvuller,,,
a0ddc50e-b2c9-4e1b-9971-f8f55d3a069a,Elias,Lieshout,Ernst,10/02/2003,3233 OY,3,+31(0)302-570770,berendseniels@example.org,05/12/2007,Teamleider,,,
237d0774-c20e-4868-b383-80b57eb988fd,Sten,Manne,van den Velden,01/03/1993,9716LJ,59,066 5455712,schelvishidde@example.net,01/08/2017,Slager,,,
18b63aad-1d50-44db-8897-e6225093375c,Jason,van den Berg,Becht,23/12/2006,7196 YH,673,-169765,imke90@example.net,19/07/2020,Vakkenvuller,,,
0df12d10-1f67-4f53-92c5-c6770feb80cc,Guus,Dubois,de Beer,24/09/1989,3714LD,133,0393 154449,uit-de-willigensilke@example.org,24/05/2003,Vers,,,
c3772b61-f08c-4c63-af66-93982e2440c9,Evelien,Flink,Vial,26/09/1990,5555 XN,80,+31890 004213,mirthe56@example.com,01/06/2017,Vers,,,
5e5c54a9-74c7-4917-9a41-2ef330df9f87,Ivy,de Heer,van Rheineck,23/11/1997,2265VE,834,+31(0)01 8991798,ponsties@example.org,19/07/2019,Vakkenvuller,,,
336479d1-3e6b-4436-9346-eff4d76c001e,Isis,Hoeks,van Berkum,06/05/1990,9359 DJ,1,+31(0)146-754361,htimmermans@example.org,18/08/2014,Vakkenvuller,,,
b5b2cf67-2b7d-4191-85c1-949b695ae911,Kay,Wright,Symons,22/01/1994,4148 WL,50,022-4435153,jan32@example.net,27/03/2020,Teamleider,,,
183154c6-0db6-48dc-8f7f-f0d26818997d,Amy,Tins,de Haas,08/10/2007,3114 DK,35,+31(0)818-409816,cmens@example.net,07/02/2007,Vakkenvuller,,,
b04dca6f-b2cc-4550-85ad-8ed10e08540d,Melissa,van Duivenvoorde,van der Meer,18/07/1990,3017LV,2,(0782) 856194,zeynep47@example.com,10/09/2021,Vers,,,
b5c17693-521b-4a87-8880-187c9a4ce523,Mark,Rek,Le Grand,07/11/1984,8686OD,736,-6361345,pim27@example.org,27/08/2007,Slager,,,
b639681a-99f3-475f-869c-81037f185b37,Noëlle,van den Bosch,van der Kaay,21/08/1999,2046 YN,87,023 9997452,bhofman@example.net,01/07/2006,Vakkenvuller,,,
b11ce870-9eab-41c1-8376-b6f312e4aa51,Jolie,Woudenberg,Schellekens,04/06/1996,1964EZ,15,-864255,ameliabijlsma@example.net,12/04/2007,Vers,,,
3647e56c-3aed-496e-b951-3d2fc7131bbb,Luna,Soos,Konings,10/10/1993,3794FT,480,-4886728,pieteraarden@example.com,26/03/2007,Vers,,,
ca569ccf-83bf-41e0-b688-1837a103f003,Amélie,van de Veen,Waltrade Walderade,23/04/1993,6447 NW,86,(0425)-985741,ilseopmans@example.org,09/10/2014,Slager,,,
2225fa57-3281-4efa-a72b-d99f6dbdcca5,Tess,Huberts,Scuylenborchs,06/01/1999,6390 XK,6,(053)-1757420,tychovan-cuijck@example.net,09/03/2021,Vakkenvuller,,,
302fecf0-81c8-4412-b78f-88766e66d2ad,Philip,van Tuijl,David,27/06/2001,7361 WS,29,(0808)-444614,van-bragtkoen@example.org,13/10/2009,Vakkenvuller,,,
233ea294-8ede-4712-9f79-8307a3c9b8fd,Giel,Zuijdveld,Schuurmans,29/04/2006,2930 LL,1,+31(0)309 511412,kdraaisma@example.com,13/03/2018,Vakkenvuller,,,
0eafd44d-0024-4ff5-b2eb-e82df7433136,Ashley,Linschoten,van de Klashorst,06/03/1990,9397ON,2,084 3218368,mirthevan-der-ven@example.org,09/02/2011,Vakkenvuller,,,
315fc599-5e86-42a8-8b53-cca0096ef3df,Abel,van Luyssel,Kathagen,27/03/2003,1351 HC,461,081-7517456,van-t-rietstan@example.com,14/10/2018,Vers,,,
a9fac961-ce45-4224-b6af-270b5bef5a0e,Amber,Slagmolen,Honing,04/01/2008,6454HR,831,0298 323986,van-den-eerenbeemtrick@example.org,22/01/2015,Vers,,,
cc52b753-0b46-4d97-b48d-ad322b5d117f,Lois,Mathieu,Buijs,20/07/1992,4301WJ,445,(0730) 367473,isam@example.com,02/07/2004,Vakkenvuller,,,
af81111c-4e54-4dbe-aa89-d37562549ac3,Amélie,Thomas,Waardeloo,18/10/2001,2522BF,2,061-4511353,evan-hamaland@example.org,23/08/2020,Vakkenvuller,,,
e443546c-fac2-4384-929a-7f5ead02fc92,Tess,Jochems,de Keijzer,13/05/1988,7674 SG,18,(034) 6832146,nickvan-grinsven@example.net,08/07/2003,Teamleider,,,
ee670f0a-adc9-40b4-a647-c1c80d703b74,Hannah,van Gelder,van Wijk,16/11/1999,1904 PK,6,(0857) 889598,ivan-der-velden@example.com,19/11/2012,Vakkenvuller,,,
e59184fe-9a52-4611-a17d-3c2aa0b9915e,Jack,Niermann,Uphuis,01/10/2001,8936 SK,64,-906191,twanbecht@example.com,18/12/2002,Vakkenvuller,,,
a14b05b8-0b7b-45b8-8cb4-a1ee9afbfac3,Lizz,Genefaas,Molegraaf,30/06/1992,2730 TS,51,018 4735594,owenstook@example.com,01/01/2021,Vakkenvuller,,,
25484b5f-7f09-451c-a82e-812c8a20efde,Job,Honing,Ooms,28/07/1997,2463MU,19,054-2134869,gkort@example.com,08/06/2006,Vers,,,
ce848deb-71d4-4426-b8bc-00048efc6c3a,Aya,Rotteveel,van de Velden,24/10/1991,3592 RX,887,-5106574,dvan-den-bergh@example.com,31/07/2006,Vers,,,
1079c56d-26b9-4842-9ec9-5512f63b0a31,Alex,Wagenvoort,Schagen,01/04/2008,9171 JK,1,-933588,edoorhof@example.com,20/10/2006,Vakkenvuller,,,
d18f2e12-ed5f-4feb-8fa4-5e1ef642668e,Fien,Rijks,Olthof,12/09/1993,6580 FS,370,+3134 6894442,fvan-goerle@example.com,10/07/2021,Slager,,,
1165eae4-608c-4153-a1b0-be86264ff919,Esmee,de Grote,van Grinsven,29/11/2001,5954WB,98,(061) 9482933,noelle06@example.org,24/02/2014,Vakkenvuller,,,
5b43ba16-f576-437e-8a26-92025c0678cf,Lucas,Geneart,Visser,15/07/1986,3909DJ,8,+3157 5905294,tess16@example.com,13/04/2015,Vakkenvuller,,,
7f0224ff-1441-4502-a9d0-d1ba93f9e32c,Berend,van Nes,Glasses,24/08/1990,1970 LW,9,+31(0)32 4875714,selina88@example.net,04/12/2012,Slager,,,
58813594-5681-4e65-b8b7-0bc186ed9cb7,Nout,van de Weterink,van Riet,24/12/1990,2636 LS,408,(090)-9200064,robinjochems@example.com,11/04/2003,Vers,,,
82ccd108-9867-4213-b0e3-f687184e15f7,Chris,van Mare,Schrik,18/05/2006,1638 AM,5,0034 653903,chrodtrudazra@example.net,11/05/2008,Vakkenvuller,,,
434a7dcc-d487-466e-895d-7daf6886922d,Bradley,Pons,van Oudewater,12/09/1998,2865XW,33,+31(0)189-186808,julesmartens@example.net,24/10/2016,Vakkenvuller,,,
34a3adff-2ba0-443b-8644-18c13d5ecdd5,Bram,Tielemans,de Grote,10/08/1989,8659XF,508,+3162 7361092,kvan-jumiege@example.com,08/01/2006,Vakkenvuller,,,
1e7120d0-012b-4026-9ae2-1bdebe219c20,Bradley,Wolfsdr,"Bourgondië van",06/06/2001,6019NW,85,(0501) 522683,dennenbergjoy@example.org,26/09/2022,Vakkenvuller,,,
af7528ef-89f2-46b5-8c2d-d441a3cd9be2,Kate,Guit,van der Brink,02/11/2007,6848 DT,876,+3109 8618643,nde-keijser@example.net,10/10/2006,Slager,,,
90d8c486-bfbf-4a16-8d15-230f96e455cc,Danique,Gruijl,Verhoeven,22/07/2002,7472 IG,5,+31(0)155 060329,aylin10@example.net,19/10/2006,Vakkenvuller,,,
277afa1e-baf5-4089-8fd6-379f514daf9b,Mila,Mosley,Belpere,18/11/1989,2281 FJ,37,+31(0)04-1699051,lukasellis@example.com,12/03/2010,Vakkenvuller,,,
23880f41-5a60-4ae1-9ce3-efbe4788f468,Bente,Overdijk,Mathurin,27/02/1987,9620 VH,72,066-8931791,tychokorsman@example.net,28/07/2013,Vakkenvuller,,,
51801779-6c31-4113-a15f-c36b942252a9,Rosalie,van Wickerode,Verhoeven,27/05/2000,9559RI,709,+31(0)23-9475387,tunruoch-hunerik@example.net,04/06/2015,Vers,,,
ef8e2e74-8e5c-4c69-98d9-99fe670a4e09,Nynke,Adriaensdr,Schelvis,16/09/1986,9791NX,34,039-3169227,tessakruns@example.org,02/09/2006,Vakkenvuller,,,
29fdf2e0-b1f2-4684-b479-c37f45cbe62c,Lina,van der Meer,Ruijs,16/07/2002,7758VK,41,+31287 965060,isabel70@example.org,02/05/2013,Vakkenvuller,,,
bbf440f1-3b54-4fa5-a9b7-4712d05c032f,Tristan,Huurdeman,Diesbergen,15/11/2005,8260 GQ,32,+31120 922510,janssensjoerd@example.net,27/09/2015,Vakkenvuller,,,
1d672f56-7474-4df1-ab8f-161765e9a7e3,Jelte,van der Ploeg,Rijn,17/03/1997,4829 SF,73,0755-465586,kheyne@example.com,13/01/2008,Slager,,,
31cac46f-99e4-439a-8eb9-3a30a994ec59,Esmee,Mathol,Willems,28/04/2005,3392 HO,1,+31605 878331,gstinis@example.net,25/07/2009,Vers,,,
29d7755f-ecb2-47a2-864c-9320b3937031,Jack,Wildschut,van de Darnau,29/07/1996,2851 WR,6,+31629 970397,dmansvelt@example.com,22/07/2017,Vers,,,
f624a31a-e4ad-4fc5-90a8-7b61cd35cb05,Fabiënne,Lage,Pierson,04/09/2002,7787YS,4,(0362) 775168,emirnollee@example.net,04/06/2013,Vers,,,
f61c76c5-93f0-4af4-bd29-3929dfefc0cf,Rafael,Kallen,Rietveld,17/06/2001,7077 UQ,86,(009) 7521419,van-der-maesselina@example.org,22/01/2016,Vakkenvuller,,,
6a11dee7-c753-4199-a175-ac27ddc84447,Jasmijn,Courtier,Veenstra,15/08/1997,4371HQ,217,031 3986397,lanklealicia@example.net,09/02/2021,Vakkenvuller,,,
fa2fba3f-cdac-4244-a163-a0d725b73b41,Daniel,Borman,Mansveld,13/11/1982,9623UX,310,(0928)-480529,aiden01@example.org,19/04/2008,Slager,,,
034320df-cb3d-4004-b12f-0535151de0f2,Senna,Bresse,Sanders,10/11/1994,8437ZO,5,+31(0)62-0218212,jennifer05@example.net,23/07/2011,Vakkenvuller,,,
cb73da5b-43c2-4f21-84cc-4ad5cf86a6b2,Milan,Noordijk,Nedermeijer,14/09/1986,6791 QR,0,075-4599696,jansentess@example.org,28/12/2014,Vakkenvuller,,,
0da35ed4-a959-4f5e-ba6c-3f09f33b0ec0,Yasmine,Fremie,Billung,17/04/1988,9350CP,3,(076) 9593035,van-loonevi@example.net,10/06/2004,Vers,,,
17bbd444-243d-43a3-9dfe-77ddc16c1303,Daphne,Bouhuizen,Karels,28/07/2007,7414IQ,333,+31(0)247-604024,hulstdean@example.com,16/11/2011,Vers,,,
794adf6e-aac6-495b-a1a5-47bf4f4bae98,David,van der Plas,Kamper,19/12/1991,8869 ZX,22,+3137 0498074,yvan-de-elzas@example.com,14/05/2006,Slager,,,
5211c245-fa3a-4e0c-ab84-f32ea740e424,Merel,Lafleur,van Rijthoven,03/07/2008,6061 DO,894,(049) 8334172,fienegerritsen@example.net,08/10/2003,Slager,,,
be6d508e-2e32-4960-8fbd-d559bb8be7eb,Kaylee,Klerks,van 't Riet,04/06/1992,8439MG,36,+31(0)75 8857350,adrianavan-der-velden@example.com,04/02/2010,Vakkenvuller,,,
e6537c7f-3ee6-41a3-882a-bec922fd50fe,Lucas,Brouwer,Robbrechts Bruijne,20/07/1998,7769 QR,31,+31(0)088-820413,persijnesmee@example.org,21/03/2004,Vakkenvuller,,,
d965f149-5735-4ab6-b549-446bfda8d484,Berend,Remmers,Volcke,19/07/1997,2294 MP,82,(0201) 077000,gwillems-van-lier@example.org,24/12/2021,Vakkenvuller,,,
f74e8544-3cd1-4dcf-b326-6eb9a1d9702f,Indy,van Hamaland,Jansen,01/01/1985,8257RH,53,0477-994244,tomkolster@example.org,23/10/2018,Slager,,,
7134bec6-2961-4947-a23c-22956c3a7aef,Daan,Backer,van Poppel,10/12/2006,9245FW,311,-31694,hannahle-matelot@example.org,25/06/2015,Vakkenvuller,,,
19d73503-d8a1-49a6-930d-57aa6d0f0317,Gerrit,Le Marec,Waardeloo,21/01/1999,2508UG,801,+3188 2927273,jayden66@example.com,12/07/2014,Slager,,,
39a78c94-e1bc-4e02-b8e8-987be07bad24,Loek,Lips,Molegraaf,07/11/2002,1596IN,29,(040) 0005219,ylether@example.com,15/11/2002,Slager,,,
0802d47a-fa1f-4fec-927f-ffddbc7969b8,Yasmine,Aertsz,Schelvis,14/10/2000,5269 XA,1,008-4308869,ocourtier@example.com,01/03/2013,Vakkenvuller,,,
1bb24d8c-905f-4de1-ae58-fb516b79367b,Felix,Klomp Jan,Geneart,13/12/1994,8426GX,261,+31(0)538-284714,melissa50@example.com,20/11/2016,Vakkenvuller,,,
4486e4ff-6657-4199-9eae-13de1f1f7ddb,Mark,de Man,Fortuyn,22/11/2000,5252 BC,92,019 8189504,rafverbeeck@example.net,29/11/2013,Vakkenvuller,,,
71f862af-fd3e-4555-8f6b-b15aa9dc8b52,Saar,Dorsman,Kuijpers,20/01/1999,1001 QZ,75,(001) 3364383,evelien98@example.net,23/01/2017,Vakkenvuller,,,
1f38f8df-c647-4676-a433-105e53a81ca1,Megan,Ulrich,Rackham,30/08/1994,7882 EF,178,0489 992021,wagenvoortmaxim@example.org,12/10/2007,Vakkenvuller,,,
6669ed8a-5ea3-4508-8015-63c6f61c9075,Chloé,Groenendaal,Jeggij,18/09/1998,7771AY,4,051 4393695,welftygo@example.com,28/08/2020,Vers,,,
c5ce1845-4e84-4561-85b3-10d5926c7718,Muhammed,van Rijnsbergen,Hulshouts,28/11/1982,8864LP,7,+31(0)27-0156609,tijmendirven@example.net,23/09/2004,Vers,,,
4c284dcf-c014-42c0-ac41-e38630c0bd6c,Emma,van der Kint,Pons,06/11/2003,9226OD,9,+31(0)083-040140,maudvan-de-veen@example.org,03/05/2017,Vers,,,
7aee74cd-e46a-4ab1-bec9-8cb58e44fa0c,Lindsey,Meijer,Blewanus,23/07/1987,6079VD,168,(066) 4363388,marithaengreve@example.net,06/01/2003,Vakkenvuller,,,
313036e7-d109-4c9f-beee-25804797e0d6,Brian,de Wit,van Wassenaar,15/07/1987,3222RC,69,+31(0)452 217538,evie09@example.com,19/05/2015,Vakkenvuller,,,
ee1d4b0d-a3c2-4fb0-a7eb-58d00288a61b,Maarten,die Witte,Schulten,15/10/1985,5173 XY,5,+31(0)467-958155,helena00@example.net,20/04/2011,Vakkenvuller,,,
59e3ae52-6311-4d4e-a5e2-e628cf7b6935,Esther,van Rijthoven,Remmers,15/09/1992,1993EP,33,+31(0)499 751404,zwartstef@example.com,02/10/2004,Vakkenvuller,,,
591f29b1-c836-4e17-93ae-5bc62160dc8c,Linn,de Gruson,Beekman,30/03/1985,6890RO,15,0142-842698,krabbecornelis@example.org,22/03/2009,Vers,,,
b77ac247-be98-491c-89ab-7435d5fa4c79,Stan,van de Brink,Amalrada,05/03/1994,3656 JG,86,(086)-7506403,sofiehulst@example.com,10/12/2020,Slager,,,
973ef4a7-daa7-49fa-8e59-1943efdcfe70,Myrthe,van Oostendorp,Sam,21/08/1984,9637 EE,3,0324-104180,gellemeyermohamed@example.com,26/05/2017,Slager,,,
ea02d9db-366b-477f-9d76-447d7c2dc2bc,Pieter,Lonen,Dirksen,03/07/2001,9328IK,3,(0317) 646028,aaronfiere@example.net,21/04/2012,Vakkenvuller,,,
931b3858-4853-43ab-a586-a364802458af,Yara,Persijn,de Gruijter,24/11/1996,8073 GG,408,-263810,cato28@example.net,25/02/2016,Slager,,,
974fffd2-b875-460c-92e2-ee2ffc79edeb,Norah,de Bruin,Martel,28/09/1990,1383 ON,972,(055) 1893435,borisjacquot@example.org,03/12/2010,Vakkenvuller,,,
f6383efe-f43b-4014-9701-841876d6b1d3,Angelina,Prinsen,de Grunt,05/12/2002,2077 HP,26,+31(0)161-893177,weijlandbenthe@example.com,09/01/2003,Teamleider,,,
07f3cb24-b716-4a98-ac1b-6b8fa210efa5,Bradley,Rubben,Veenendaal,03/12/1991,8924 PY,4,-525698,utins@example.net,26/04/2014,Vakkenvuller,,,
75c1a4df-ab88-46fe-a85d-b3f7d7c7d70a,Elise,Latier,Kuit,11/09/1987,8347ML,900,037-7306902,galenzoneemma@example.net,05/07/2004,Vers,,,
8f0f0d9c-cff3-4b06-8af6-72e7e2d00a9d,Yasmin,Kamp,Verwoert,17/11/2004,7165 PV,6,093-7679946,postalicia@example.org,07/03/2022,Vers,,,
2bde545c-4a10-4485-9fe3-05426153068e,Isabelle,Ketel,Rijn,12/06/2002,8926SI,67,-6723013,norah98@example.net,15/05/2022,Vakkenvuller,,,
32708009-f2e3-46c2-94ab-836d73c2dfb5,Aaron,Lensen,van Stralen,13/08/1983,3288 WG,48,022 5315139,van-spreeuwelimran@example.net,11/08/2004,Vakkenvuller,,,
eb0aa6d4-8a7b-4eea-a208-e73450ab05d6,Jens,van den Nyeuwenhuysen,Stoffelsz,07/09/2000,9150EQ,76,+3176 0185501,ngervais@example.org,29/03/2022,Vakkenvuller,,,
52fddc0b-1de4-4557-9a2b-614b97d82d23,Rens,Vos,van der Velde,21/09/1997,1475HG,4,-9913647,meesovereem@example.com,01/05/2009,Vakkenvuller,,,
9350a1ac-7ac7-4fb0-a948-cdc27bce33f0,Vince,Aschman,le Gulcher,02/03/1997,8426XD,4,+31(0)830 624550,ruttenthijmen@example.org,25/10/2021,Vakkenvuller,,,
ee4c4c40-a9a0-4067-b2e2-07ed6fe1de4a,Joy,Hendricks,Scheffers,21/08/1989,2144 JR,7,+3106 6517603,kikibriere@example.net,13/08/2017,Vakkenvuller,,,
ca8c4e75-1699-44cd-97ea-9ed846dd5ba8,Nina,Molegraaf,Kunen,19/04/1984,2509TA,683,054 9658492,lindsey06@example.com,08/10/2005,Vakkenvuller,,,
541eb038-84be-4ffa-9467-bd0e2c6e4f72,Kyan,van den Nuwenhuysen,Rotteveel,04/04/1998,2280QX,4,+31(0)852-874590,iweeldenburg@example.org,02/04/2016,Vakkenvuller,,,
68043afe-b866-4caa-96c5-2d1b7a31f3b0,James,van Kuijc,van Bovene,27/10/1988,7798 EY,497,(0253) 315266,nadineterry@example.org,10/08/2011,Vakkenvuller,,,
ae7d8cbb-9879-441c-8316-68eb442e8eab,Nikki,Scholten,Giselmeyer,05/10/2000,6597EI,6,0619-759188,sepp39@example.net,10/01/2003,Vakkenvuller,,,
a22c8f3d-3340-4b9a-998a-99f8b85a6f39,Kay,van Egisheim,de Gruson,26/09/2004,1691 RN,172,-6801155,recerquinten@example.net,17/11/2013,Vakkenvuller,,,
121951db-0b8e-4e7f-985f-366cbaa0a78b,Fatima,Pons,Wildschut,24/04/1989,5019 UH,834,(0748) 207922,kian30@example.com,25/12/2010,Vakkenvuller,,,
d56ba385-9e21-4606-90ab-9dc01def1e64,Merijn,Rotteveel,Scharroo,22/03/1996,7143XR,871,+31(0)752 423773,timokronenberg@example.net,08/10/2003,Vers,,,
f884088b-da9c-41d5-9df0-246c98f685b4,Yasmin,Cornelisse,van Gent,25/04/1990,1583 ZK,5,0603-561886,rfeenstra@example.com,20/02/2021,Vakkenvuller,,,
e4fa6336-b141-497c-a387-ba4156cd50de,Luna,van der Leek,Veenstra,02/06/2003,9891 XH,5,(0486)-363189,novavolcke@example.org,01/08/2020,Vakkenvuller,,,
a7b3f1c7-9f47-4ed4-bbb8-97185216ec9b,Floris,van de Berg,van der Linden,23/10/1996,3034ZX,64,(095)-3022309,mvan-kasteelen@example.org,13/07/2004,Slager,,,
50a2ff19-f9ea-4e68-a902-114fd1bf777a,Noa,Doesburg,Bertho,06/08/1985,6485KC,278,(0765) 720140,mika85@example.net,15/01/2004,Vers,,,
697f8b5c-ac63-4c12-9f87-3df43bf72428,Cato,Houdijk,van de Plas,28/09/2001,8482SQ,5,+31(0)26 5557914,jurrevan-de-elzas@example.net,18/04/2006,Vakkenvuller,,,
90401439-cb20-48fa-bd6b-976622ccbabd,Bram,Hendriks,Salet,29/12/2005,9227 CJ,5,(024)-1520531,jasoncoreth-von-und-zu-coredo-und-starkenberg@example.com,16/04/2013,Vakkenvuller,,,
95203f05-6da4-430c-a66d-86e64bfbf473,Ties,van Dokkum,van Arkel,14/12/1987,6632 SA,7,-7119141,qvan-henegouwen@example.net,27/10/2006,Vers,,,
d13c232b-e987-43fd-8b83-8838454b1a35,Karlijn,Vierdag,Slaetsdochter,13/07/2001,6855 HR,2,+31(0)78 0396966,jamie86@example.org,16/04/2019,Vakkenvuller,,,
a9d3d8fa-0bfa-42c3-a43d-f97e2709ed1d,Kyan,Bouthoorn,van den Broek,20/12/2005,3462QX,70,-6059627,joel03@example.com,21/01/2004,Vakkenvuller,,,
a407fcdf-0324-4442-9cd4-17e32b0c8677,Iris,Vegt,Schroeff,13/08/1999,2787 HW,7,+31(0)77 4617618,isa96@example.org,12/02/2020,Vers,,,
54b43940-88dd-440f-b173-66f897809d2f,Tyler,Vignon,Gemen,14/01/2008,9687 FH,65,+3192 3815881,maryamaelftrud-van-wessex@example.net,30/05/2015,Vakkenvuller,,,
2a0b24b3-d314-4d59-8379-e067ef9614b1,Bente,Lijn,Bekbergen,06/01/2000,7606 CW,521,(0846) 568586,lars77@example.com,04/09/2012,Vakkenvuller,,,
be32b870-4641-4ecc-8b73-74bd4c6d7777,Cato,Wright,van der Maath,27/02/1988,1066 RL,7,(032) 3498232,laura57@example.com,15/11/2011,Vakkenvuller,,,
d3185144-6418-45e3-bb0a-a37ce2d35f1e,Sara,Verwoert,Spies,27/04/2006,5468 SD,5,-688474,haacksarah@example.com,24/12/2020,Vakkenvuller,,,
c145dab9-48f8-4bad-a157-243b1479c409,Mare,Blom,Lijn,16/05/1984,1550EO,0,(0794) 086169,tirzavan-der-horst@example.org,31/05/2004,Vakkenvuller,,,
a3b12e74-4f7f-4519-9cdc-ec47640ec2d0,Jelle,de Bruyn,de Jong,08/05/2008,4200MP,50,(0547) 599311,annahermans@example.com,01/05/2007,Vers,,,
4c478e56-9596-4cd9-96b0-30be71d37e1e,Berend,Elbertse,van Dooren,29/08/1995,8832 TO,5,084 4496997,van-wijlandlindsey@example.net,22/03/2011,Vakkenvuller,,,
a0e7c6bd-42de-4b21-b290-39d7c75f5dee,Jake,Schenk,Vermeulen,20/06/1991,8641 LW,695,+31(0)989-588752,hvallenduuk@example.net,20/05/2011,Vers,,,
5b4a849b-25d8-4f36-b617-796b8d6b5e87,Collin,de Graaf,Post,21/01/1997,7295 UV,683,+31(0)173 860990,jorn58@example.com,26/09/2006,Vers,,,
8860b7f3-41a7-4b52-a8d5-c5da5e423637,Veerle,Kleijse,Tins,01/02/2001,3158 TH,88,075-9025048,rafael84@example.com,25/04/2022,Vers,,,
96b43082-aa73-4277-866a-2a741080bcb7,Sam,van der Plas,van Kusen,12/01/1997,2692 QE,57,(057)-8530313,lvan-laar@example.com,09/11/2014,Vakkenvuller,,,
1eaab1a0-8da2-46e2-adaa-1fbbbf8c9902,Matthijs,le Luc,Beernink,11/03/1988,7855YS,9,000 7442445,jolijn27@example.net,20/06/2003,Vers,,,
d6b62af0-d085-4a76-9a57-6892f12ea407,Lot,Weijland,Van Bragt,27/09/1995,8718 MS,3,-8583726,fayevan-de-weterink@example.net,22/07/2013,Vakkenvuller,,,
820fab34-05d1-4a05-9c2d-46fb3e9932f3,Hamza,Kleijse,Mulders,16/07/2001,5451IF,81,0582-863776,anoukfriehus@example.net,16/05/2012,Vakkenvuller,,,
c5fe5ea7-2c45-4871-b3d4-fc9d7140eef5,Evy,Spies,Muijs,29/09/1986,7670LM,2,059-3681291,juliette41@example.com,30/05/2019,Vakkenvuller,,,
522738f7-4fa9-41db-b3a4-ecc57195c6cf,Daniel,Tillmanno,Voortman,17/02/2001,7659 MX,461,088-7149587,isabelheyne@example.org,01/11/2016,Vakkenvuller,,,
bf73143b-313b-462d-a814-49a9d99d6b15,Britt,Otto,Slagmolen,26/06/1989,6303 KH,274,+31572 156817,jvan-der-brink@example.net,15/09/2013,Slager,,,
805b2826-a18e-4eb7-84c7-ef933b1c4422,Lisa,van der Kaay,Timmerman,22/03/1993,7394VS,53,061 4414029,stoffelkaylee@example.net,01/11/2019,Vers,,,
6bfcdbd1-75e8-4b63-aa16-64534f634ba3,Jack,Eerden,Charon,05/01/1997,9784 IA,929,-507031,poncimax@example.org,13/02/2019,Vakkenvuller,,,
0988c9d2-d175-4d9c-b95d-7e6a1342beab,Tijs,Scharroo,Prinsen,21/09/2001,6649 NL,4,(0202) 295219,bleesjip@example.com,02/03/2019,Teamleider,,,
4af0d81f-ca83-452e-8cbd-7806420e2fb4,Niek,Kof,Huisman,27/06/1992,7947JR,28,079 9598878,ngeertsen@example.net,31/08/2003,Vers,,,
797d8f14-39fd-4eb5-90e6-8078fe1029a8,Jesper,Aarden,Nek,22/07/1988,3901XN,8,+31284 196930,sylviebud@example.com,18/02/2006,Vakkenvuller,,,
67fd2456-29f9-4359-bfb3-ac9c909183be,Madelief,Stange,Uphus,11/10/2004,2674 DY,9,(041) 3732792,zdennenberg@example.org,31/01/2003,Slager,,,
7c89e43f-210c-4986-bdf5-0ce7d26ae8df,Emma,Mahieu,Verschut,30/07/2003,1842XN,871,086-1633712,yvan-bentheim@example.net,14/12/2017,Vers,,,
13e6230f-4800-49e4-bbde-54a82fb0f861,Jonathan,Boers,Dubois,21/06/1993,4384 VJ,12,+31(0)317-763405,ameliavan-de-eerenbeemt@example.com,01/07/2012,Vakkenvuller,,,
bdcdec3a-85fe-495b-907b-62fb12d8d950,Maja,Oennen,de Groot,05/01/2008,8264ZQ,2,(0303)-262225,noud91@example.net,28/10/2005,Slager,,,
fb3c33a0-eaaa-4d16-b255-48d5779c60e0,Dylan,Serra,Lankle,06/11/1990,6791RH,327,+31(0)35 2133685,amin70@example.com,03/11/2018,Vakkenvuller,,,
889035c3-7f39-401e-947f-d565c305acde,Daphne,Teunissen,Lankle,10/04/1999,9845 EO,83,+31(0)632 018120,chloevan-der-veiver@example.com,16/04/2013,Vakkenvuller,,,
a76959d0-6c68-4ffd-be04-f93305b15e74,Elisabeth,Ghoerle,Bartels,19/07/1991,7667 ZW,99,+31(0)521-284487,robinwalter@example.com,15/07/2004,Slager,,,
1c40038a-9bda-4490-9138-b534157cc0f5,Emily,Spanhaak,Giselmeyer,23/10/1984,9339AS,7,004 3679658,sschuylenborch@example.com,18/08/2006,Teamleider,,,
6e8cff24-fb70-4d3d-bb38-c8eb0dfd8e48,Yasmine,van Boulogne,van Bruchem,06/06/1983,3881 MT,577,+31(0)80 0077177,gbijlsma@example.net,22/09/2018,Vers,,,
388082ab-4b54-45e9-9c8a-487ffbc57c3b,Zoey,Steenbeek,van Asten,09/06/1995,2437MX,54,027-2982921,schrantlisanne@example.com,18/12/2016,Vakkenvuller,,,
cf5d416c-0189-463c-84f3-abf420026f01,Maartje,Kleybrink,Prins,14/09/1984,6685 PM,7,+31(0)09 1285354,van-poppelvincent@example.com,14/10/2007,Vakkenvuller,,,
a76c6989-38a8-4401-b416-3a6835db3df7,Dex,van de Leemput,Ehlert,07/12/2007,7113DS,32,(052) 3035763,kian86@example.org,28/05/2017,Vakkenvuller,,,
af277b75-b979-4301-950a-bd75d816ea1c,Evy,Rijntjes,van Herstal,03/08/1991,1878ZF,569,0214 058128,jayson45@example.org,21/08/2014,Vakkenvuller,,,
57f1f734-4145-4f31-b58d-1114a8ba670f,Hannah,Driessen,van de Water,22/04/2000,1498QO,78,-144302,joostvan-boulogne@example.com,03/12/2009,Slager,,,
7e8542d0-ed37-4f14-930c-6e6b2c76ab0d,Jurre,Lether,van den Pol,28/11/1991,3941UX,978,+31(0)58 7947748,maria42@example.com,30/09/2003,Vakkenvuller,,,
d2e30119-8473-4118-86f5-c518b0d4234b,Julius,Appelman,Scholten,05/05/2008,9821 NK,81,+31(0)49 8815255,cvan-amstel@example.com,26/08/2003,Vakkenvuller,,,
131c8da0-7c54-40a2-bba5-f7492eed6ce2,Aylin,Broekhoven,van Alenburg,29/03/2003,7879 SR,131,-3615688,rismasimon@example.net,15/06/2019,Vakkenvuller,,,
7e97045f-351e-4346-8233-f51594d13386,Bente,van Mare,Jochems,25/09/1991,4452EA,977,-5821296,lizastuivenberg@example.com,27/08/2018,Vers,,,
457340e4-1736-4e12-8e09-fbc0b4b8b5a0,Mila,van Straaten,van den Heuvel,06/08/1989,6166WQ,433,+31(0)460 758258,kostenthijs@example.org,13/09/2005,Vers,,,
671e7e04-2ca1-44af-9d30-1f0c8a6e5f50,Dylan,Zeemans,Palman,18/12/1993,3179CD,190,+31(0)417 110402,ckremer@example.net,29/12/2004,Vakkenvuller,,,
53480dc9-f2d9-47e5-b33a-4e36683aa92a,Ninthe,Jurrijens,Aertsz,16/01/1987,3326UX,989,+31933 352569,petersniels@example.org,21/10/2017,Vakkenvuller,,,
f938b2f5-2aee-4a6a-a194-554e0d99b8d1,Matthias,Giselmeyer,Giselmeyer,27/05/2005,8541 MH,55,+31(0)89-3364704,moenenlenn@example.org,28/09/2008,Vers,,,
8c73df51-40ec-424c-9eae-3bff393d7c65,Ravi,Vastenhouw,van der Heijden,01/10/1983,9236 DF,904,+31(0)32 9956447,van-de-veldejoey@example.org,12/02/2004,Vakkenvuller,,,
d545af98-ed00-4783-b9d1-a65ddc530599,Vera,van der Pouw,Bud,04/12/2000,8434 OU,3,-677111,adriana70@example.org,28/09/2008,Vakkenvuller,,,
b09488be-7dac-4648-afb4-89c4167e32ff,Jenna,le Gallen,van Drenthe,01/06/1990,8861 EN,618,(078)-1127362,ferrandaphne@example.com,16/11/2017,Vakkenvuller,,,
98dc8951-0c24-4abe-b89a-29cf29070ab6,Floortje,van den Brand,Booden,31/10/1987,3707UU,830,+31(0)89 0691303,pieter73@example.net,22/05/2009,Slager,,,
854af892-85a5-4891-9a6b-de5aa8eaa81a,Sanne,Saxo,Riem,02/01/1984,6474 WE,910,0355 170635,van-daalalyssa@example.net,21/06/2019,Vakkenvuller,,,
e5d23c9c-0755-40d8-a52b-178cf68d039f,Joël,van Bergen,Sprong,09/01/2008,8028YV,130,0435-059955,ncourtier@example.org,03/07/2008,Vakkenvuller,,,
9f1206c2-07f7-4c31-8213-bafbe27c7b7f,Sophie,van Goerle,Schellekens,11/09/2004,7384HD,718,+31(0)35 6373772,de-gruilmirthe@example.org,03/07/2008,Vakkenvuller,,,
fd411850-7d34-4ac9-9d9c-0b64b2b281b8,Stella,de Hoogh,van Goerle,06/12/1997,3088 YG,56,-948538,benjaminvan-wessex@example.net,22/03/2003,Vakkenvuller,,,
1ae1bad8-5cc7-4f7f-80cc-7870fb061402,Tristan,Klomp Jan,van 't Wel,08/10/1993,4356 GC,200,(0029)-857515,bbourgondie-van@example.net,24/05/2019,Vers,,,
be8c030e-d20e-4bdc-85ae-57a7abd62f92,Mila,Willems,van Luinenburg,12/12/1998,2779OC,881,+3180 7169605,hendrikbrizee@example.org,29/12/2017,Vers,,,
efa41fe0-2804-4181-86b0-13cb7f6c8781,Yfke,Scheffers,Kallen,08/04/1999,2434DW,547,0812 851128,martelmaarten@example.org,05/08/2020,Vers,,,
9ed3c53c-09ae-40e8-a2b2-2d46e8cd4d11,Johanna,Korsman,Momberg,24/08/2006,4280IY,6,+31(0)32 9349835,kyra02@example.net,19/12/2010,Vakkenvuller,,,
2dbc4262-f3f8-447a-ba59-98a43061f871,Riley,van Schweinfurt,Knoers,06/01/1988,2264BE,1,+31(0)73-5415647,florisdekker@example.org,22/08/2011,Vakkenvuller,,,
4573a130-7a6f-4d60-a880-62673909669b,Mathijs,van der Stael,van Enschot,06/01/1997,6496 KQ,4,+3145 9027784,tararomijn@example.com,06/02/2003,Vakkenvuller,,,
ea0c402e-b1d8-417b-ac8e-1b68e48976db,Giovanni,Recers,Jorrisen,15/10/1997,5330 SU,4,029-7558455,guusjevan-amstel@example.org,07/07/2012,Vakkenvuller,,,
fb2e3bad-2233-4411-b58a-b30529313a52,Maya,Blom,Roukes,03/10/2000,4011EY,5,+3190 3210696,gjones@example.com,23/07/2015,Vakkenvuller,,,
2ef2ff7b-9810-4e0c-a12b-bf1fef1ae88f,Dean,Höning,Uphuis,23/12/1996,9031BR,162,(0642) 225147,job55@example.org,26/12/2008,Vakkenvuller,,,
e4eba2b5-922c-4181-ae87-7773c0f79e37,Rafael,Bresé,Westermann,03/06/1993,6580SW,9,-865945,teunjansen@example.net,01/02/2008,Vers,,,
218df13a-f43c-4510-9ce8-480dfd956403,Joëlle,Texier,Kas,25/04/1987,2798 LI,830,+3150 1979267,dponcelet@example.org,17/05/2020,Vakkenvuller,,,
a4d65ad2-14c3-4b2f-b6ba-c5ae44a2a89a,Dina,Schwartsbach,Pratt,31/01/1986,9009ZZ,4,+31846 281696,femkejansdr@example.net,17/01/2014,Vakkenvuller,,,
3e4af6f5-ebf6-4d4b-b639-e3167ccdd3fa,Julia,van Kuijc van Malsen,de Haas,28/05/2001,4170EQ,580,-7101270,awolters@example.org,19/10/2019,Vers,,,
f8813bf5-0036-48b9-bf45-e17236a8cacf,Stijn,Kolster,van Brunswijk,03/06/1991,2600 VR,636,-150925,aelftrud-van-wessexbram@example.org,28/09/2003,Slager,,,
a1b38f7b-56f2-4159-b4c5-1e4cda3f7039,Sil,Momberg,Evers,09/03/1998,3064 VO,59,+31(0)22 4644067,jstoffel@example.net,04/06/2022,Vers,,,
e1ccd581-e519-4827-b63c-4107bce08f15,Mika,Fremie,Janse,16/02/2000,5820 MA,946,-8690562,eerdenevy@example.com,13/06/2017,Vers,,,
e983b350-c88f-4476-ac10-7947957645aa,Tijs,Ariens Ansems,van Doorn,24/05/1999,4231 XB,8,(0361) 830264,rcoret@example.org,15/04/2016,Slager,,,
20220a51-e2cc-4557-9095-306cd06e5732,Keano,Olykan,Molen,07/11/1986,6469KB,4,-717409,rbroekhoven@example.com,14/06/2007,Vers,,,
de214e4c-dd99-46a2-ac1d-da7e15301484,Azra,Smith,Joosten,27/09/1987,5627 NS,50,+31(0)370 209053,borishermans@example.net,22/04/2008,Vakkenvuller,,,
a46e4c26-08f3-4f71-bc71-9b0e4868184a,Aya,van der Kaay,van Laar,25/10/1984,9485OI,670,(0012)-650350,yasmine57@example.net,02/02/2017,Vakkenvuller,,,
b0d9ffdb-d7a3-4ed4-83dd-b5374767fbcc,Anouk,van Bovene,Karels,05/10/1984,6445 IK,5,+3185 5891451,linngroote@example.com,11/07/2022,Slager,,,
10bd5a81-4ca4-450e-aded-206fc81f95e7,Owen,Koster,van den Velden,27/07/2005,8420PJ,4,+31(0)648-878082,eva70@example.com,27/11/2018,Slager,,,
dacde58e-ef68-430d-93cb-9e81364a0a52,Azra,van Noordeloos,de Lange,12/06/1989,4769 NG,972,-8930027,bryanwunderink@example.org,21/01/2013,Vers,,,
e4a128d8-5464-4cf3-9dad-ef0a445f9a54,Brent,Martel,van Mispelen,21/07/2003,1613 WD,9,+31(0)644-270673,oliviahemma-van-allemanie@example.com,15/04/2003,Vakkenvuller,,,
94965ca0-f004-44bc-9d01-db45a3eae805,Adam,Gruijl,Kolen,09/12/1995,1212 GR,25,+31(0)35 9764867,annehaselaar@example.org,20/08/2006,Vakkenvuller,,,
0e157df8-867a-45ff-a876-ae6e3212532c,Jamie,van Buuren,den Teuling,02/08/1994,6943GY,974,0962 162198,riley51@example.com,26/04/2008,Vakkenvuller,,,
64e3c667-657e-465e-b71a-04e143d11f6a,Sanne,Kuijpers,van de Pol,02/05/1992,4284 OY,28,0061-582776,muhammed87@example.com,09/08/2015,Slager,,,
51374990-401f-40c2-bdb4-1617acda7f13,Marijn,Beourgeois,de Jong,22/01/1996,1301BO,673,0844-586863,gde-strigter@example.com,16/02/2015,Vakkenvuller,,,
9cc9a8ac-2301-45fe-9451-675bdf49ab91,Casper,Kuiper,Dirven,17/09/1991,1814UP,100,(083)-9650604,fem57@example.net,29/04/2021,Vakkenvuller,,,
cb214e25-4a99-4556-b7a0-c843792d9d9a,Lola,Haring,Chrodtrud,15/08/2002,6918PV,218,(0284) 523267,mustafawerdes@example.com,30/03/2016,Vakkenvuller,,,
18f6e884-bb0d-4e8e-ad4a-e40578c98a14,Yasmine,van de Brink,Flink,24/05/1983,5603KY,91,+31(0)39-7799539,amin20@example.com,25/02/2008,Vakkenvuller,,,
b20e7857-104b-4178-bcd0-84e8d9d6fa37,Kian,Bruijne van der Veen,van Maaren,05/02/2005,7132CS,760,(0037)-029419,stanvan-allemanie@example.net,08/09/2022,Vakkenvuller,,,
19e34e3b-acd2-421a-b525-b5ff4875bf63,Tim,Jones,Buijs,23/02/2005,9276 YU,976,-683894,jules57@example.org,17/05/2005,Teamleider,,,
92b6ddd9-5a6f-4b79-931c-aa852157326f,Fiene,Horrocks,Françoise,20/08/2003,4107CI,7,+3113 7858097,zwildschut@example.org,09/11/2004,Vakkenvuller,,,
df04b7eb-ddbd-4cc4-97f0-b5d79b6de2b9,Dirk,Ghoerle,de Backer,23/11/1987,8311FX,2,(0735) 248040,jonkerjayden@example.org,04/08/2020,Vakkenvuller,,,
06a0b84c-2304-465c-90ab-4efc3c50d9e3,Lars,Voortman,Luster,07/01/2004,4912ON,243,(0621)-216526,vince71@example.net,20/12/2014,Vakkenvuller,,,
85a44e13-8dca-4add-b658-672dcd225e7b,Maarten,Janssen,Langevoort,08/08/1999,9318PJ,56,0122 201770,daphnehekker@example.net,06/06/2005,Vakkenvuller,,,
11e6b033-26a1-4354-80c3-c42ed8be2e6c,Nynke,Ehlert,Dorsman,17/09/1989,8112WX,6,0369 453957,woudenbergbilal@example.com,15/12/2005,Vakkenvuller,,,
405fb488-f197-4d0b-8f89-8f79171bf8c6,Dylan,van der Kaay,Goudriaan,23/03/1994,4192GL,2,0894-427776,jamester-waarbeek@example.com,13/12/2004,Vakkenvuller,,,
bdd8f9e6-9f6f-44ce-ad98-c961d03c9817,Jordy,Olthof,Westermann,01/06/2001,1545ET,66,+31428 109721,elisa25@example.org,09/04/2014,Vakkenvuller,,,
b63da3ac-af62-4f7f-acbf-a5756fc4c66e,Fabian,Wolters,van Jumiège,28/05/1997,9717 AH,391,+31622 692127,jde-jong@example.net,26/01/2020,Vakkenvuller,,,
d06edd8b-adb6-48e4-a2be-7b85987fa24a,Luka,Dachgeldt,Huurdeman,09/08/1993,7360 AT,188,-531525,milade-korte@example.org,25/10/2003,Vakkenvuller,,,
08154905-98b4-4cf2-8b56-8199cd591c8c,Mats,van Berkum,Schrant,19/05/2005,6983EN,42,+31(0)20 1029741,jcoreth-von-und-zu-coredo-und-starkenberg@example.org,29/11/2008,Vers,,,
90738174-6f5c-490a-bed6-b0597a55f098,Helena,Ernst,Boddaugh,28/01/2001,5833 FT,263,+31(0)150 903333,evie47@example.org,25/06/2006,Vers,,,
7ce1eb17-10a1-4ca8-8ef4-4af0cb4d9c7d,Ian,Boudewijns,Maas,02/07/1994,7029RT,378,+31(0)09-5601835,jvan-der-kaay@example.net,07/06/2022,Slager,,,
a6b66afc-5dc7-460e-b7f3-1d3ffe3e39c1,Evi,van der Heijden,Boer,22/06/1999,6339WZ,3,054-8687678,lindesmit@example.net,17/11/2012,Vakkenvuller,,,
f7db288e-8f52-4589-86eb-c92459febe41,Demi,de Gratie,Vertooren,22/12/2000,4788 KM,1,(0936)-028742,bghoerle@example.net,24/12/2005,Vers,,,
b0bb6235-00f4-4708-9817-d5517b7fe4a4,Vince,van Dijk,de Roos,31/01/2004,9369BP,888,(0874) 564076,de-jongjoshua@example.org,10/06/2020,Vers,,,
f040b04b-6db5-49aa-a954-775c4d9e8876,Max,Wijland,van der Smeede,18/07/2002,2204FC,29,+3147 2951727,gijs14@example.net,08/03/2007,Vakkenvuller,,,
e3969186-ddce-496d-acd9-d638825d73e5,Samuel,Klerks,Verhoeven,23/09/1987,9306EA,32,(048)-8374830,aaltsguus@example.org,16/01/2009,Vakkenvuller,,,
f520398f-67cc-4fe9-a7c6-4f6e16f04adb,Danique,van Luyssel,de Grote,24/06/2002,2926KR,19,+3155 5283624,isabelle19@example.net,20/03/2022,Vakkenvuller,,,
1bbf6667-1a4f-4da6-b7d0-3e3741497b89,Yassin,van der Ploeg,David,05/12/2002,1197 GN,59,(0290)-817513,oscar69@example.com,05/03/2017,Vakkenvuller,,,
79adf925-162a-48e9-8315-c2588fa1248f,Maryam,Woudenberg,Wright,30/12/1982,2076 NW,625,0045 281414,isa69@example.com,17/06/2020,Slager,,,
84477ab3-bf83-40b1-b80b-b18527a088ec,Lauren,Noordijk,Scuylenborchs,02/03/1996,2889XO,966,-9148888,faasvan-formbach@example.org,03/11/2004,Vers,,,
5229e62d-8670-4e99-a0b8-cac7956718e8,Elias,Stoffelsz,Becht,06/09/1997,7844 BL,41,(077)-7120654,tygo47@example.com,04/10/2007,Vers,,,
92056a02-a0e9-41eb-83fd-ff72a3f05407,Kay,van Saksen,Passchiers,16/04/1998,4157NQ,5,(0252)-799536,pieter70@example.org,02/05/2009,Vers,,,
a4525d8b-537c-4e0c-b74a-1e916a16a88c,Nisa,Nieuwstraten,van Kuijc van Malsen,03/12/1990,3477UB,3,006 2220063,bilal44@example.com,07/08/2021,Teamleider,,,
473ed314-5c85-4aeb-88b0-53311932f099,Luka,Keijser,Rackham,28/09/2008,3405SX,512,0051 875010,hverwoert@example.com,07/01/2019,Slager,,,
4a8c040f-d097-4467-8ec4-a6f8af8aca81,Yfke,van Velzen,Flink,11/12/1999,6189BJ,51,+31(0)62-1136330,schifferjim@example.org,24/07/2013,Vakkenvuller,,,
7a596798-0315-44e8-95eb-1bd58fdb52a1,Elif,Kriens,Hulst,14/04/1989,1047 HJ,79,0241 927710,berend07@example.net,09/01/2011,Vakkenvuller,,,
9504c282-8c9c-4422-a3e2-b2bee1c994f7,Olivier,Kolen,Kuijpers,03/11/1990,8039KI,697,+31(0)93-2191624,odadamian@example.org,18/03/2019,Vers,,,
77527b7c-73ee-4b7a-b4bc-69eeb5252cc8,Romy,Martens,Pieters,23/01/1985,1899IQ,2,+3139 8180023,mare62@example.com,11/03/2017,Vakkenvuller,,,
34cfcd07-9acb-436e-a636-77d012ee49b2,Mick,Horrocks,Appelman,10/11/1999,3847 IA,749,+31385 876306,zeynepden-teuling@example.org,15/01/2006,Teamleider,,,
2356ac28-a0a2-4086-bea5-05415c376ebf,Ivan,van Poppel,Berends,29/01/1991,7251 IS,6,+31(0)55 3713881,jolie12@example.com,14/08/2005,Vakkenvuller,,,
db51bb9a-b4e2-4b8c-84be-e80e675d1ad1,Thijmen,Ridder,Fremie,26/10/2005,2426KV,9,(031) 7562038,emmavan-leuven@example.net,13/07/2021,Vakkenvuller,,,
522b1da5-afb4-4aba-8107-13c9045f4b8d,Lise,Pauwels,Furda,13/09/1986,2912 KN,0,057-3247938,mads36@example.com,11/06/2022,Teamleider,,,
115330bc-b95b-4c1b-8258-5f8039eef9aa,Esila,Bastiaense,van der Sloot,28/04/2002,5279HP,71,050-3215359,vkok@example.net,19/07/2018,Vers,,,
0a6e0616-b319-46df-963d-4905eb239629,Vigo,Roukes,Takkelenburg,14/11/2007,2340VK,5,-5796684,van-den-bergolivia@example.net,20/04/2019,Vers,,,
3d32e933-4d8a-47cd-80b6-94c4e823b605,Lola,Smits,van Mil,07/09/1983,5360 TL,828,+31(0)541 870019,swalsteijn@example.org,13/01/2010,Vakkenvuller,,,
8e45a1b9-f8b0-4fa1-8f1d-1a27d5e816c7,Daan,Langevoort,Terry,17/08/1987,6954 RZ,2,0351-388087,zberendse@example.com,02/12/2010,Vakkenvuller,,,
5150a242-f8d3-4919-9302-dff5d9b923b0,Inaya,de Gruson,Schulten,03/04/1989,9404HK,7,+31(0)418 817405,mirthe96@example.net,10/10/2010,Vers,,,
a62f71f3-45ac-40d8-9f73-7c7a487b097e,Josephine,Grondel,Beourgeois,02/08/1995,1312AP,55,(013) 3914514,evelien30@example.org,07/01/2020,Vers,,,
a0b6541c-2e8d-482f-9592-ec32d3caeb1a,Elisa,Adelaar,Sarneel,19/04/1995,6428 DK,2,(066)-5632520,niermanneliza@example.com,07/05/2006,Vers,,,
76d8c18c-8d0d-453d-8c5d-de614f20fae7,Chloë,Freshour,van Gorp,01/02/1997,1519 RI,5,+3125 4563848,van-beierenruben@example.com,19/07/2005,Slager,,,
6fec3074-eeff-41b4-bb13-1f5ab915eb21,David,Smit,van Daal,13/09/2000,7242 RE,2,+31(0)62 4982249,serrasofie@example.com,07/06/2012,Slager,,,
8aed4692-af25-43a4-aadb-74f35fe0984c,Floortje,Latier,van Leeuwen,08/12/1994,3064 JL,82,-928373,pleun90@example.net,06/05/2018,Vakkenvuller,,,
1ed2ee74-3352-479d-b0c8-0d07fc561ca2,Rick,Moet,van Bunschoten,20/12/2003,7850DJ,9,+31(0)597 381257,spikernick@example.org,19/06/2022,Vakkenvuller,,,
0b4c95ff-deab-419a-a282-b7e2a6b13079,Lucy,van Gastel,Koning,02/10/2006,6290 VY,6,+3196 9407026,btotwiller@example.com,04/04/2005,Vakkenvuller,,,
aa56c0b9-112c-46f7-b288-50c04c0c9cb2,Mustafa,Schagen,van de Darnau,02/09/2003,2122QQ,9,(0650)-318045,renske46@example.com,21/06/2003,Vers,,,
1c618066-1868-4e2f-86bc-e8d59747f911,Liv,Hendriks,van Geenen,10/10/2005,6113 GC,3,(0026) 944816,alicia98@example.org,11/09/2019,Teamleider,,,
d3f8543a-017c-42e7-a51a-20c0c95993f5,Kiki,Lorreijn,van Bentheim,26/08/1996,4464UA,7,+31(0)767 206848,ninthe01@example.org,14/02/2005,Vers,,,
1444cc58-3b8b-4c75-b31e-f62eadd474e3,Berend,Boddaugh,van Gelder,18/09/1986,7971 TA,85,-2541653,obrandon@example.com,05/01/2022,Vakkenvuller,,,
d40d5a97-c003-4b56-b3f2-176f72356106,Naud,Dircken,van Dam,28/06/1983,1891TS,6,-6679505,yhendrikse@example.org,20/11/2003,Vakkenvuller,,,
f59a3ada-6a17-4ab1-8f45-502e7d3b7f67,Bjorn,van Hulten,Weijters,05/03/1991,8035 FN,1,088 6000361,swilcken@example.com,16/04/2003,Vakkenvuller,,,
29f5e87f-ed54-4a38-a2df-5124ce24cd4f,Sven,Vallenduuk,van de Ven,21/10/1993,5601HJ,7,(0411) 580667,ude-man@example.com,28/06/2021,Slager,,,
4ba89d43-c841-4df6-9b20-d7cbeea8c999,Loek,Die Bont,Eijkelboom,11/05/1993,4929 OV,371,+31(0)133 374708,zvan-hemert@example.com,15/05/2016,Slager,,,
8337f384-3e9f-44f2-9553-cbe800a050d8,Pippa,Rutten,Groote,14/07/2002,9762 NT,1,001-5905925,yhendriks@example.org,08/06/2013,Vakkenvuller,,,
6b312013-2b09-4093-a5fa-6be0818b6384,Anouk,Stichter,Huijzing,22/10/1983,7513 YT,6,0955-698093,bkoster@example.net,05/06/2021,Vers,,,
9e446fa1-e674-4ab5-b34d-d48e2b736c55,Floris,van Duivenvoorde,van Ochten,19/03/2004,9318AV,56,+31(0)339 729792,sterremoet@example.com,03/04/2014,Vakkenvuller,,,
dfeef622-eb1f-4368-be1d-ff06185dfaf0,Vajèn,Tuithof,van Gemert,12/07/1991,1177 EM,684,-1303756,jdrysdale@example.com,22/02/2015,Vakkenvuller,,,
68f73f07-ddbb-4a68-a834-556fdbfd342f,Carlijn,Blees,van Orleans,22/07/1994,6326NI,6,+31(0)97 4762126,lina03@example.com,30/06/2005,Vakkenvuller,,,
f0f25a33-199a-4d4d-8beb-1683e02a2d8c,Raf,van Northeim,van Grondelle,30/07/1995,2220TF,81,(0529) 958876,der-kijnderjip@example.org,21/04/2016,Vakkenvuller,,,
1583e402-70de-41b7-9ce9-264a3d14fef5,Ayden,Cosman,van den Berg,16/06/2003,4333TX,6,+31071 172943,van-welelena@example.org,14/10/2019,Vakkenvuller,,,
e3645351-8b99-4860-8043-e91b1691eb3d,Jurre,Aarts,Korsman,31/05/2004,8285 FZ,36,(050)-5889728,van-ooyenadam@example.net,09/07/2005,Vakkenvuller,,,
c0988933-16c3-4a14-8efa-09cbaa033bbc,Colin,Mosley,van Velthoven,10/10/1994,9893TL,12,049-9559738,isa45@example.net,20/11/2011,Vakkenvuller,,,
4243a159-a24c-43de-ad14-c6b216cda332,Valentijn,die Witte,Speijer,06/05/2003,9448 GK,44,(091) 3006574,imranhaack@example.org,12/09/2017,Teamleider,,,
540101f9-3164-425d-818a-0cec70fb593f,Kyra,van Asten,Bruggeman,19/10/2008,7368 PL,95,058-3551802,xcoret-coredo@example.com,20/03/2003,Vakkenvuller,,,
f7df3b7e-9bfc-4fa6-9192-89619f34f51b,Milo,Kronenberg,Middelkoop,22/04/2008,7058BC,512,067 1941465,van-bovenjanne@example.com,10/02/2012,Vakkenvuller,,,
7495385d-56a5-46d4-bb83-78fc70827010,Silke,van de Darnau,Winters,10/07/2002,1237 OX,7,+31(0)85-7950250,van-der-spaendoncjamie@example.net,08/05/2010,Slager,,,
0f94f8f8-7ee3-4fc4-8cff-f28f8349c72b,Sil,de Roo,Hermans,14/11/2001,8316KJ,440,(0557) 203050,luukhenric-van-den-nuwenhuse@example.com,04/12/2019,Vakkenvuller,,,
83975e87-bb91-4ac4-bd85-3aa08804fcab,Norah,van der Stael,Smits,17/03/2007,7816 KT,63,0397 928533,gepa-van-bourgondielinn@example.net,08/01/2017,Slager,,,
8396e10d-46e5-4fd4-a377-cccc939dd238,Simon,Die Bont,Roodesteijn,19/03/1986,5035LT,673,+31(0)62 7200525,lde-reede@example.com,24/11/2009,Vakkenvuller,,,
ad3083a5-b7a6-403e-8e77-d8b6d5009e34,Lizzy,Cadefau,Lijn,30/06/1984,4236NS,808,+31504 718120,scardinoadriana@example.org,16/12/2005,Vakkenvuller,,,
34bc660b-a41d-4878-85d1-9c820bbeec89,Isa,Sestig,de Heer,21/03/2003,5771XR,82,(053)-9618561,van-munstersenna@example.net,31/01/2007,Vers,,,
1b9627d5-5723-4272-9584-d728d6095a5f,Johanna,Vos,Wolfsdr,30/11/1985,6338 ZD,0,0662-306847,fennelonen@example.com,29/05/2012,Teamleider,,,
2c764b7b-1fb1-4167-8dd5-d88d6e8f9d6c,Hamza,Koster,Goedhart,07/09/1988,3172PK,6,+31(0)37-2848573,mvan-der-maes@example.com,31/03/2014,Vers,,,
45351557-58dc-4e35-aa98-d6cbbc343a82,Rafael,Zevenboom,Leguit,14/11/2002,1227 TQ,63,(0834) 108092,van-dongenninthe@example.com,23/07/2017,Vakkenvuller,,,
81bff66d-4000-4733-96b5-cedd46f67661,Mads,van der Veen,Volcke,17/06/1984,8849TN,385,(0692) 856305,van-estemaurits@example.org,17/10/2009,Vakkenvuller,,,
84da8cc1-9086-41da-8f3a-4b36463c0d11,Maud,Lankle,van der Horst,04/08/1992,8956 NL,9,(020) 9854912,nielsvan-rossum@example.com,27/08/2021,Vers,,,
965de744-f6c7-4366-8e2e-411868e71b35,Jay,Bolkesteijn,van Eck,05/09/1984,1946 SY,821,(0664) 047045,mveenstra@example.net,04/09/2003,Vakkenvuller,,,
8653b02a-27c8-4694-8bf3-c75a7b5f14c4,Thijmen,Tillmanno,Nieuwstraten,08/08/1989,2072UX,0,(0148)-983142,abijlsma@example.net,23/08/2018,Slager,,,
911d5364-d607-49ec-be0e-d79e3233b3a6,Jort,van de Klashorst,van Kempen,16/10/1985,9782HI,26,+31(0)37-0522525,dexkirpenstein@example.org,18/03/2008,Vakkenvuller,,,
63127041-92f2-41dd-b4d7-f965d92aa879,Elise,van Voorst,Hoogers,30/05/1996,1075FC,40,-7790965,jinthelabado@example.org,26/07/2008,Vers,,,
67fcd92d-7da2-487d-8402-51664a1ddcae,Esila,Tirie,van Formbach,01/02/1992,1773 BB,75,076 5703311,rboetet@example.org,17/04/2022,Slager,,,
cb204072-8a22-48fd-b3ff-a02b95ffd968,Dirk,van den Broek,'s Gravensande,01/07/2004,9240VB,39,+31470 962214,lois76@example.com,19/05/2010,Vakkenvuller,,,
c6d22f4c-9ff9-4220-8399-745d7750636e,Seth,van Duivenvoorde,Michielsen,30/04/1985,8939KB,2,092 1111885,ymens@example.org,26/09/2011,Vakkenvuller,,,
c6358de1-3ea6-48e3-bbda-b7644e0b9163,Mick,van Duvenvoirde,Jaceps,06/08/2000,2641GM,7,009-7389356,kdoesburg@example.org,04/08/2005,Vakkenvuller,,,
428a9868-cdd7-4c5d-98ad-d1e791fc4278,Jasmijn,van der Velden,Chrodtrud,10/01/1985,9644 PC,225,+3189 9287178,tmartens@example.com,03/04/2009,Slager,,,
48e3214f-4821-49dc-a08b-8f17a9baa94b,Aylin,Woudenberg,Houdijk,14/05/1990,2409DJ,4,(047)-7980926,geertstycho@example.com,04/02/2006,Slager,,,
92a92095-baf2-44a1-892b-2c2bd929a4f5,Mason,Kruns,Schelvis,31/01/1992,4450QH,141,(067)-7529310,ejacobs@example.org,02/11/2015,Vers,,,
29334cb5-bff3-49d3-9881-4e039a0c7a66,Gijs,Mansvelt,van Kasteelen,29/12/1992,2467 TD,88,+31(0)354-010965,dana04@example.com,19/03/2019,Vakkenvuller,,,
a9139c2b-2486-4bae-baa0-59a6cf12acc2,Colin,Mansvelt,van Bergen,15/03/2006,7128XG,296,(081) 4061991,julesverda@example.net,03/09/2003,Vers,,,
c0f73f35-fcf4-4fac-963e-6523fa945aa9,Nora,Pauwels,van Rooij,24/02/2006,2887 HL,1,043 2078355,jolijn70@example.net,04/03/2006,Vakkenvuller,,,
a9271c7e-c492-4272-865c-5d04a0c660e3,Tycho,Dijkman,van de Velde,23/09/1990,3864RY,3,-2129230,pveltman@example.net,22/08/2021,Vakkenvuller,,,
79315411-5734-4870-99fd-21b40428a557,Senna,van der Flaas,van Luin,12/07/2000,4957JJ,3,(008)-2380579,ali28@example.org,31/08/2020,Vakkenvuller,,,
528ff0b3-8c43-4bb3-8f15-f16a2bdfdfe7,Sami,Wildschut,Lambregt,02/10/1983,5198 ZO,8,+31(0)10-6207954,janssenzeynep@example.org,24/04/2010,Vers,,,
066fcacd-684a-4954-87e6-3b0e2becd77a,Valentijn,Verhagen,Overeem,08/09/1994,3475NK,127,+31(0)860 328198,van-den-wittenboerchloe@example.org,11/03/2007,Vakkenvuller,,,
94520f8e-0db0-4139-b481-74cb11e702d8,Dewi,Ansems,Timmerman,10/11/2005,1017 BE,847,+3178 7170258,van-suinvordeesmee@example.com,17/06/2019,Vakkenvuller,,,
7f01ce73-9caa-4948-b776-65b0ac75ba93,Pippa,van der Hoeven,Jorlink,20/02/1991,8091 CK,107,(0520)-883474,joydavid@example.org,23/02/2007,Vers,,,
259c8ab4-1376-4024-9159-39b75a4b0aca,Merle,Geerling,de Leeuw,05/08/1993,7114 BO,9,0425-249651,berat86@example.org,22/05/2003,Vers,,,
2d97a2fb-f9f8-4e89-816c-e4d34267f0e8,Zakaria,van den Velde,Buijs,24/06/2007,6616 TX,3,+31138 096845,sannelaffray@example.com,28/12/2012,Vers,,,
14c856bf-69c9-42a5-a63a-93163afe942d,Hannah,van Kasteelen,Stook,03/01/1994,3048 AK,303,-5728509,tvan-der-horst@example.org,05/05/2015,Vakkenvuller,,,
825973a5-7405-4214-9164-4bf5599d197e,Dean,van Veen,van Alenburg,24/06/2000,9516CQ,0,(076) 4117310,lisa71@example.com,28/03/2008,Vakkenvuller,,,
bb08efa0-08f0-4344-ab42-5c968a4d43af,Marit,van de Velde,van der Pol,29/11/1995,9482KY,756,(058)-8125157,adijkstra@example.org,20/03/2012,Vakkenvuller,,,
aec98abb-c192-47c5-9ca7-4dd86768406e,Daan,van Laon,Henric van den Nuwenhuse,22/09/2007,1392 TA,3,(081)-7321138,bernaardslukas@example.org,11/06/2019,Vers,,,
0e16df09-c5c9-464a-aef3-300a749c2013,Chloë,Kramer,Fremie,18/01/1999,9403 TC,1,+31(0)54 1272925,cde-vries@example.com,27/04/2017,Vakkenvuller,,,
b1042e55-587a-4e68-900a-db0822ba2b3f,Sepp,Marchal,van Jumiège,19/03/2002,4873GL,88,+31(0)479 195116,lukasdrysdale@example.net,10/07/2009,Vakkenvuller,,,
1994f71d-3100-462a-a8a7-6484e3e24e09,Rens,Huijzing,Peters,17/09/1995,1112 HT,43,-560846,van-dokkumgiel@example.net,26/09/2007,Vakkenvuller,,,
411758cc-9be6-4d20-b9e9-acd8372e85ef,Britt,van Arkel,Godfrey van Alemannië,09/07/2004,6832 OJ,743,(019) 2288107,dionsterkman@example.net,09/07/2013,Vakkenvuller,,,
071bb1a2-c4fe-4dc8-b5d4-d224b759ff35,Floris,Sterkman,Ponci,24/03/1988,8042JI,2,+31(0)700-325223,van-vlietmohamed@example.net,20/10/2014,Vakkenvuller,,,
648b8420-4d23-430e-81e9-a7af29f83906,Yara,van Hemert,Muijs,16/02/1997,8387YI,81,0757-119890,matsphillipsen@example.org,03/07/2014,Vers,,,
0abcd7fa-eaa7-4081-a448-faef8b8c4ad8,Joep,de Lange,Verbeek,30/07/2005,4758RI,0,(091) 2165018,philipvan-daal@example.org,17/07/2010,Vakkenvuller,,,
43db38b9-cd43-4c97-a1a6-5651168a8293,Lauren,Friehus,van Nimwegen,17/11/1988,6982 LT,8,+31(0)83-1814530,hoekstraanouk@example.net,27/05/2022,Vakkenvuller,,,
9cfdbe6a-2efc-4d92-a7e7-952a1b5f2f32,Jari,de Bock,van Drenthe,06/10/1993,4236TE,54,-140389,kyanocornelissen@example.net,29/10/2012,Vakkenvuller,,,
c2fa7397-3456-4d19-8f9d-1b15b3812b70,Elin,Sam,Wildschut,13/03/2001,4894XB,869,0192-667177,vievie@example.net,31/03/2013,Teamleider,,,
d77f676b-31ba-4650-9505-92daa295c4e1,Maxim,Henric van den Nuwenhuse,Tielemans,06/04/1993,2401GJ,75,+3197 7849707,buijsmaria@example.org,10/02/2016,Vakkenvuller,,,
9b3f5b5e-7d6b-46ea-be5b-c1182cfa2e9a,Lieke,Hoelen,van Mook,01/10/1999,9402AN,6,+31(0)72-5900171,helenavan-laarhoven@example.net,02/03/2009,Slager,,,
8e7e76f7-3133-4a59-880d-539bdafdf287,Amélie,van Loon,Rehorst,25/11/1989,4433 AX,119,0138-749306,pvan-arkel@example.org,07/01/2004,Vers,,,
a6d456db-4e14-48b6-b077-2b15285d170c,Joy,van der Meulen,Smeets,24/06/2005,1388TI,9,0873 360333,schellekensmerle@example.net,18/06/2009,Vers,,,
0b722750-08e3-4003-9405-8636cd4e8f51,Elizabeth,van der Berg,Molen,03/08/2003,1929 XO,73,(018) 3586381,jonas04@example.org,30/09/2015,Vakkenvuller,,,
926f05bf-e16a-40e7-933e-b57e824bb678,Aylin,van Noort,de Smit,29/08/2005,8376SE,3,(0345)-971531,nzevenboom@example.net,15/05/2012,Vakkenvuller,,,
113f5246-b656-4b17-8861-7994efe0050b,Evie,Gepa van Bourgondië,Janssens,20/05/1997,1652AT,724,(0120)-834781,cbekbergen@example.org,20/10/2008,Vers,,,
ff0c0716-d867-4756-afac-b9c22a7b285d,Rafael,Billung,Steenbeek,13/10/1990,2839 FP,767,+31916 567117,lynn31@example.net,28/09/2005,Vakkenvuller,,,
11641395-bb9e-449a-afcf-92a65fac0442,Fenne,van Hemert,Schuurmans,06/07/1987,1273 SL,98,+31788 209151,giovanni63@example.com,28/11/2019,Vakkenvuller,,,
d03e0b23-4701-4e01-9f62-a5f511fe07f1,Tobias,de Gruil,Steenbeek,19/06/1997,2050TX,5,020 4975729,imran69@example.org,28/11/2011,Vakkenvuller,,,
ee54be39-0d93-4b00-ae73-bb88a680621a,Pepijn,van Susa,Stettyn,07/08/1999,5226OS,464,+3195 2263030,samilamotte@example.org,16/12/2018,Slager,,,
01366d75-609d-41e7-b708-15089149b8c3,Niels,Overeem,Bosch,28/04/1993,9474 OF,8,016-1232499,mathijs31@example.net,19/02/2021,Vakkenvuller,,,
1435b7e4-ff17-477f-815f-5d4efc0c5e7d,Noortje,Goyaerts van Waderle,Martel,09/09/1986,7716 CT,6,+31(0)734 229530,lenn36@example.net,23/06/2004,Slager,,,
ebfd9a20-7acb-40b9-9708-a1add38df059,Nathan,Willems,Sestig,05/12/1987,1200OQ,73,+31(0)827 288591,van-hemertmichelle@example.org,29/01/2008,Slager,,,
7e83a914-9827-4ba8-a62c-fd9cb245b7b3,Kate,Paillet,van Luxemburg,06/12/1997,7618 ES,61,071-0603455,jaydamanne@example.org,25/05/2011,Teamleider,,,
f6263bba-111d-4bfe-bfba-40748d9f141f,Colin,Mudden,Leene,20/06/2000,9512MG,4,-114443,aimeevaessen@example.org,20/01/2014,Slager,,,
5163829c-2a03-410c-8665-8e317ddc8426,Jayden,van Geenen,de Beer,04/03/1996,1132LZ,411,+31(0)694 219730,van-riettess@example.org,24/01/2014,Vakkenvuller,,,
22cd12cf-627f-4d75-8ea3-80f5cdb60a4f,Isabel,Timmerman,Smith,17/04/2005,3401ND,9,0200 421501,yasmin39@example.net,06/02/2020,Vakkenvuller,,,
b11f0688-c3aa-4d84-b7f3-a3aaea32c2c4,Jesper,Sterkman,VI,22/05/2002,2334 KT,64,+31(0)176 776227,van-genttara@example.net,28/09/2003,Vakkenvuller,,,
76eb4eca-b46b-4ad4-8f13-5d2dc8ff62e8,Thijmen,Poncelet,Hexspoor,27/03/2008,7693AY,68,-4648143,peronnemick@example.net,27/03/2022,Vers,,,
dc106db6-d71f-4174-988d-f9d259af5897,Melle,van Boven,Holthuis,19/01/1996,2511 QF,2,-5678028,sep63@example.com,14/01/2011,Vakkenvuller,,,
449582c9-0a1f-45f2-afdb-5ea08b4aa596,Féline,de Vroege,Lucas,06/07/2001,2284 HS,12,+3171 4685251,maasamina@example.net,26/10/2006,Vers,,,
